_id,index,availableCount,timeoutStartedAt,timedOutAt,queuedPlayerIds,playerIds,gameId,treatmentId,batchId,lobbyConfigId,createdAt
XHMLapYnPukef8v5B,0,4,,,Fxzau53zRbT6HH42g,Fxzau53zRbT6HH42g,,FFXHEZWwcC7Gp96nE,CDc28rK47dLxN56wZ,yjBexQraFcxKmfRcX,2022-03-14T19:42:08Z
tYt2FecFdCFFJoJCd,1,4,,,,,,pFx4EcHCkRk3vLgNK,CDc28rK47dLxN56wZ,yjBexQraFcxKmfRcX,2022-03-14T19:42:08Z
9pNeDtdB5PhfTJGDP,2,4,,,kL89YkgifZ66E3E66,kL89YkgifZ66E3E66,,2azFMhqXmhZrtQ5HM,CDc28rK47dLxN56wZ,yjBexQraFcxKmfRcX,2022-03-14T19:42:08Z
vqhovy7J37xSw4532,3,4,,,sodnu673C7SS8J2HF,sodnu673C7SS8J2HF,,JoStzy8JcPEXGq7Wn,CDc28rK47dLxN56wZ,yjBexQraFcxKmfRcX,2022-03-14T19:42:08Z
AKovWHrpmZRsf7iCD,0,4,,,,,,2azFMhqXmhZrtQ5HM,gF5YSGC3P22syRgNf,yjBexQraFcxKmfRcX,2022-03-14T19:42:13Z
P9TFa9EdNGYY3wR2G,1,4,,,,,,JoStzy8JcPEXGq7Wn,gF5YSGC3P22syRgNf,yjBexQraFcxKmfRcX,2022-03-14T19:42:13Z
wWvbnDzLRM4gNvDHW,2,4,,,,,,FFXHEZWwcC7Gp96nE,gF5YSGC3P22syRgNf,yjBexQraFcxKmfRcX,2022-03-14T19:42:13Z
qhPNib8NvN6KXXdAF,3,4,,,,,,pFx4EcHCkRk3vLgNK,gF5YSGC3P22syRgNf,yjBexQraFcxKmfRcX,2022-03-14T19:42:13Z
kYTgp44BF8LdYRzdA,0,4,,,,,,JoStzy8JcPEXGq7Wn,g4JtiaPYpFzD2Pivq,yjBexQraFcxKmfRcX,2022-03-14T19:42:14Z
C9xgBjEan9dHp2piB,1,4,,,,,,2azFMhqXmhZrtQ5HM,g4JtiaPYpFzD2Pivq,yjBexQraFcxKmfRcX,2022-03-14T19:42:14Z
vjiLwRxGZe6zoasBa,2,4,,,,,,FFXHEZWwcC7Gp96nE,g4JtiaPYpFzD2Pivq,yjBexQraFcxKmfRcX,2022-03-14T19:42:14Z
gGebtmgqxv7zSDz8T,3,4,,,,,,pFx4EcHCkRk3vLgNK,g4JtiaPYpFzD2Pivq,yjBexQraFcxKmfRcX,2022-03-14T19:42:14Z
9sitrbNSaRKm9jGyT,0,4,,,,,,pFx4EcHCkRk3vLgNK,jPm2KpEfbaKaCoxmY,yjBexQraFcxKmfRcX,2022-03-14T19:42:15Z
rWzPxGxKvTvjL8CRp,1,4,,,,,,2azFMhqXmhZrtQ5HM,jPm2KpEfbaKaCoxmY,yjBexQraFcxKmfRcX,2022-03-14T19:42:15Z
xXLrccqzvNXe3AAXy,2,4,,,,,,JoStzy8JcPEXGq7Wn,jPm2KpEfbaKaCoxmY,yjBexQraFcxKmfRcX,2022-03-14T19:42:15Z
AcCoDGdBBnZZL8PnE,3,4,,,,,,FFXHEZWwcC7Gp96nE,jPm2KpEfbaKaCoxmY,yjBexQraFcxKmfRcX,2022-03-14T19:42:15Z
6y5Rp4rKkZiuGBm2p,0,4,,,"ohFLjSW44SzRRB8iz,YKimzGgQgqm9xQZ8m,ZiLSRSfQR66ZtA7uZ,hmxukt3H7duLkzSer,ENoBr3KunDxjehHYM","YKimzGgQgqm9xQZ8m,ZiLSRSfQR66ZtA7uZ,hmxukt3H7duLkzSer,ENoBr3KunDxjehHYM",6y5Rp4rKkZiuGBm2p,JoStzy8JcPEXGq7Wn,N3fqsmfYZZ8NewWe2,yjBexQraFcxKmfRcX,2022-03-14T19:48:05Z
2YZifNoFWYxHFmD7r,0,4,,,,,,FFXHEZWwcC7Gp96nE,kKQfvNBBioWAerRWH,yjBexQraFcxKmfRcX,2022-03-14T19:48:13Z
LAs6MQSJPD3vi25m6,0,4,,,,,,2azFMhqXmhZrtQ5HM,Xp9ZhtDduZAmKqexT,yjBexQraFcxKmfRcX,2022-03-14T19:48:19Z
B5zvQcNTCcQub4Gsr,0,4,,,,,,pFx4EcHCkRk3vLgNK,gWMwrQdwcbRQfvdnQ,yjBexQraFcxKmfRcX,2022-03-14T19:48:25Z
gsci8bvmPyFdnfRbr,0,4,,,ohFLjSW44SzRRB8iz,,,JoStzy8JcPEXGq7Wn,uB9AYsFLbPAjMvAYm,yjBexQraFcxKmfRcX,2022-03-14T19:48:40Z
HExCGgicf4QP5fN8e,0,4,,,,,,FFXHEZWwcC7Gp96nE,sy6YzH6EkQZaxdzBn,yjBexQraFcxKmfRcX,2022-03-14T19:48:41Z
FscBAkJR9jprNHK3L,0,4,,,,,,2azFMhqXmhZrtQ5HM,etSWd3sWm7BLNaKyt,yjBexQraFcxKmfRcX,2022-03-14T19:48:42Z
LEs89p838hWCd4sMR,0,4,,,,,,pFx4EcHCkRk3vLgNK,ykS5wcyjddPbyPGMs,yjBexQraFcxKmfRcX,2022-03-14T19:48:43Z
wTiH3nuga3FJSTn6x,0,4,,,"gemMBe7e7LSbcNFp6,LzECgNJgcnwDJXWQu,nkse6SckH4febazrc,JsXWYDvoKGWMNwwPf","gemMBe7e7LSbcNFp6,LzECgNJgcnwDJXWQu,nkse6SckH4febazrc,JsXWYDvoKGWMNwwPf",wTiH3nuga3FJSTn6x,6NkXXzCEQowuzCcgB,iCJthBJpsfnPSTTXi,yjBexQraFcxKmfRcX,2022-03-14T20:11:36Z
Fcz2eKDdAxC28ThTg,0,4,,,,,,6NkXXzCEQowuzCcgB,JFwTxyu7r4vE5BahN,yjBexQraFcxKmfRcX,2022-05-06T17:06:08Z
bpCYE8T2ci8Y37Yc8,0,4,,,,,,dKwra2nXhXxLfZjpd,DYvTMhxD53PFatRvs,yjBexQraFcxKmfRcX,2022-05-12T19:25:43Z
muhKoPEGt8SPFfDKB,1,4,,,,,,PzTZRkNKMqF6ZAisw,DYvTMhxD53PFatRvs,yjBexQraFcxKmfRcX,2022-05-12T19:25:43Z
sCAisBBAd4Awevv5o,2,4,,,,,,GyCsNvfQsWDpWpcck,DYvTMhxD53PFatRvs,yjBexQraFcxKmfRcX,2022-05-12T19:25:43Z
cAP76xHLtkX9MkLXz,3,4,,,,,,LjrooCYmXufxTjgm8,DYvTMhxD53PFatRvs,yjBexQraFcxKmfRcX,2022-05-12T19:25:43Z
sbLnB33d2E9Req4Ly,0,4,,,,,,GyCsNvfQsWDpWpcck,CeeJ25dTnSpe2R59v,yjBexQraFcxKmfRcX,2022-05-12T19:25:46Z
BdiC8ToE4Nmdkn5zr,1,4,,,,,,LjrooCYmXufxTjgm8,CeeJ25dTnSpe2R59v,yjBexQraFcxKmfRcX,2022-05-12T19:25:46Z
rDjF8Jm3sQZjEFX7b,2,4,,,,,,PzTZRkNKMqF6ZAisw,CeeJ25dTnSpe2R59v,yjBexQraFcxKmfRcX,2022-05-12T19:25:46Z
88wxpKL39ug3n6WxS,3,4,,,,,,dKwra2nXhXxLfZjpd,CeeJ25dTnSpe2R59v,yjBexQraFcxKmfRcX,2022-05-12T19:25:46Z
Hqxt3fCsmahZibxHB,0,4,,,,,,LjrooCYmXufxTjgm8,mTFno4tX26SWH4cRu,yjBexQraFcxKmfRcX,2022-05-12T19:25:47Z
CRKggDPX7ayWfHaAW,1,4,,,,,,GyCsNvfQsWDpWpcck,mTFno4tX26SWH4cRu,yjBexQraFcxKmfRcX,2022-05-12T19:25:47Z
c4H3g8g4KbGhRqXhb,2,4,,,,,,PzTZRkNKMqF6ZAisw,mTFno4tX26SWH4cRu,yjBexQraFcxKmfRcX,2022-05-12T19:25:47Z
HmGmzJctnmfeHdbpy,3,4,,,,,,dKwra2nXhXxLfZjpd,mTFno4tX26SWH4cRu,yjBexQraFcxKmfRcX,2022-05-12T19:25:47Z
aaiBaBAJb7gtDfM75,0,4,,,,,,dKwra2nXhXxLfZjpd,bAm2mLC2xcyWzcnfa,yjBexQraFcxKmfRcX,2022-05-12T19:25:48Z
23mAzynXyY3e9bFQP,1,4,,,,,,PzTZRkNKMqF6ZAisw,bAm2mLC2xcyWzcnfa,yjBexQraFcxKmfRcX,2022-05-12T19:25:48Z
vCWDngTaY5DxpMufX,2,4,,,,,,GyCsNvfQsWDpWpcck,bAm2mLC2xcyWzcnfa,yjBexQraFcxKmfRcX,2022-05-12T19:25:48Z
oLinPZoMmh7ixLDso,3,4,,,,,,LjrooCYmXufxTjgm8,bAm2mLC2xcyWzcnfa,yjBexQraFcxKmfRcX,2022-05-12T19:25:48Z
RLYgwWr8igavtBZPE,0,4,,,,,,LjrooCYmXufxTjgm8,fD6Z6R8j9XZmmaMgY,yjBexQraFcxKmfRcX,2022-05-12T19:25:49Z
bvrMq863wCweBrv3w,1,4,,,,,,PzTZRkNKMqF6ZAisw,fD6Z6R8j9XZmmaMgY,yjBexQraFcxKmfRcX,2022-05-12T19:25:49Z
jQmb7BmMomc9kmcba,2,4,,,,,,GyCsNvfQsWDpWpcck,fD6Z6R8j9XZmmaMgY,yjBexQraFcxKmfRcX,2022-05-12T19:25:49Z
sHhsm6FfEcggbBoGL,3,4,,,,,,dKwra2nXhXxLfZjpd,fD6Z6R8j9XZmmaMgY,yjBexQraFcxKmfRcX,2022-05-12T19:25:49Z
J9qSxuZKNrfJbPd2R,0,4,,,,,,LjrooCYmXufxTjgm8,DEdHBj8y6pKs5JkMZ,yjBexQraFcxKmfRcX,2022-05-12T19:25:50Z
jKyKEchjjrQ25iawP,1,4,,,,,,dKwra2nXhXxLfZjpd,DEdHBj8y6pKs5JkMZ,yjBexQraFcxKmfRcX,2022-05-12T19:25:50Z
8br2XmfZNd3rAqaLL,2,4,,,,,,PzTZRkNKMqF6ZAisw,DEdHBj8y6pKs5JkMZ,yjBexQraFcxKmfRcX,2022-05-12T19:25:50Z
ithKLD8en6gagQG2j,3,4,,,,,,GyCsNvfQsWDpWpcck,DEdHBj8y6pKs5JkMZ,yjBexQraFcxKmfRcX,2022-05-12T19:25:50Z
EaWaYZDND8qezKvph,0,4,,,"XJzxspLu7NCMvTetJ,5hZz6ctwyEZBEspHz,J7bini4bSnbgQbssr,XBAyMbkpCini8f65J,7c2zB7cQyhcYDibC2,NWBxYqkdH4xSzDiw9,W4MQ5woSyJjCuAE5G","J7bini4bSnbgQbssr,5hZz6ctwyEZBEspHz,XBAyMbkpCini8f65J,7c2zB7cQyhcYDibC2",EaWaYZDND8qezKvph,jBgvfqzYXmGMGeQQP,T26by33hkACCtBE4F,yjBexQraFcxKmfRcX,2022-05-25T20:47:47Z
Q874c22Afhh2J3R4J,1,4,,,"rLLHCJhfcCmxiMpBk,9aZp6gzQKn87AA5Zn,xpuMg5tjFuN3Tjz2L,N5iQCyZEombigD8K2","xpuMg5tjFuN3Tjz2L,N5iQCyZEombigD8K2,rLLHCJhfcCmxiMpBk,9aZp6gzQKn87AA5Zn",Q874c22Afhh2J3R4J,cf373CqcTAgv6soYx,T26by33hkACCtBE4F,yjBexQraFcxKmfRcX,2022-05-25T20:47:47Z
wNj6pMLEutg3tzcuw,2,4,,,"tRsugoTDXPWggQErG,H2NgaNsf3ycSkxFbm,XTPP5vsQXGJixGhKt,nnhxcSnALX377m8rv,4aqmHt2wkSQcmFSyb,HBnnqDDNQLLc6ToWo","tRsugoTDXPWggQErG,H2NgaNsf3ycSkxFbm,XTPP5vsQXGJixGhKt,nnhxcSnALX377m8rv",wNj6pMLEutg3tzcuw,z63TAgyEqoeEdej75,T26by33hkACCtBE4F,yjBexQraFcxKmfRcX,2022-05-25T20:47:47Z
yaSSoefnWt2KKKe5Y,3,4,,,"pdcfpzEknd6MZ9Fba,TWuHKQ4ug3ATkxNXt,bSPgQvCJa4Bqcqxir,gwsH5KiNdqjPbxHeh,Gsk9wfyztmMMsboDj,bXuH7inc2zA3trvbs,x7dX2XCn8EkoSLfTq,WCFpE5cFDkrKMP8xE,6ppYmNd9mDPXaR9MZ,xCnxrhjycix5jGXxq,9qPcJp2cckCC9YqWC,A4vXdkTJfnFf56aPz,P8wJhzjbQnXMPXcC7,6kaMFu6qq8zRYowRw,NpAsM3G4JrxyjkMtu","pdcfpzEknd6MZ9Fba,TWuHKQ4ug3ATkxNXt,bSPgQvCJa4Bqcqxir,Gsk9wfyztmMMsboDj",yaSSoefnWt2KKKe5Y,MBgiE2nGZbeiN3eAq,T26by33hkACCtBE4F,yjBexQraFcxKmfRcX,2022-05-25T20:47:48Z
6FpdtJAWsoNbTYFWQ,0,4,,,"gwsH5KiNdqjPbxHeh,bXuH7inc2zA3trvbs,x7dX2XCn8EkoSLfTq,WCFpE5cFDkrKMP8xE,6ppYmNd9mDPXaR9MZ,xCnxrhjycix5jGXxq,9qPcJp2cckCC9YqWC,A4vXdkTJfnFf56aPz,P8wJhzjbQnXMPXcC7,6kaMFu6qq8zRYowRw","x7dX2XCn8EkoSLfTq,xCnxrhjycix5jGXxq,WCFpE5cFDkrKMP8xE,A4vXdkTJfnFf56aPz",6FpdtJAWsoNbTYFWQ,MBgiE2nGZbeiN3eAq,pcfYeXriFumGpR4kn,yjBexQraFcxKmfRcX,2022-05-25T20:47:51Z
EAxRXE75t42iKMLtA,1,4,,,"Zvis4zQYCcmj9WPAS,3po2pCre5CgtX7euo,avSXPP4tF6v6Z3hAq,HFEedvPnjZqxGtrv9,3cNdpmDp6YkmE9HPv,TSd8P242WFDSccgAD","avSXPP4tF6v6Z3hAq,Zvis4zQYCcmj9WPAS,3cNdpmDp6YkmE9HPv,3po2pCre5CgtX7euo",EAxRXE75t42iKMLtA,cf373CqcTAgv6soYx,pcfYeXriFumGpR4kn,yjBexQraFcxKmfRcX,2022-05-25T20:47:51Z
5DPBkeiGxRisStRiY,2,4,,,"XJzxspLu7NCMvTetJ,NWBxYqkdH4xSzDiw9,W4MQ5woSyJjCuAE5G,NqAQeDPXaQh2Xv2KD,8YFWjNuom6bt9tfJG","NWBxYqkdH4xSzDiw9,W4MQ5woSyJjCuAE5G,NqAQeDPXaQh2Xv2KD,8YFWjNuom6bt9tfJG",5DPBkeiGxRisStRiY,jBgvfqzYXmGMGeQQP,pcfYeXriFumGpR4kn,yjBexQraFcxKmfRcX,2022-05-25T20:47:51Z
YgMGdAAJfoLS5B3bX,3,4,,,"4aqmHt2wkSQcmFSyb,HBnnqDDNQLLc6ToWo,SHbgxdZByJ5zKdzsN,YbNxtmiRbJXTs2LrL,mwnCYbiaYqXevrLMG,Lh8xvM6SCfrxXj6wN,br9eXDkSdwDfLrZZM,RrSmPG3HekXR2cS3S","SHbgxdZByJ5zKdzsN,YbNxtmiRbJXTs2LrL,Lh8xvM6SCfrxXj6wN,mwnCYbiaYqXevrLMG",YgMGdAAJfoLS5B3bX,z63TAgyEqoeEdej75,pcfYeXriFumGpR4kn,yjBexQraFcxKmfRcX,2022-05-25T20:47:51Z
FYrdPrv9PGYKPBTbi,0,4,,,"XJzxspLu7NCMvTetJ,aggE53atYzzY6XH89,uPH6hC5ZymXNoAXX4,xGNeJEddRCD2QLDn6,w4E35WJmwYKFD72ES,FBXmpAfz9SPaiQifY,YZ3odM4DXkhxNyyxa","aggE53atYzzY6XH89,xGNeJEddRCD2QLDn6,FBXmpAfz9SPaiQifY,YZ3odM4DXkhxNyyxa",FYrdPrv9PGYKPBTbi,jBgvfqzYXmGMGeQQP,KBKHojeRAcrua84WD,yjBexQraFcxKmfRcX,2022-05-25T20:47:52Z
cLxipdwAp2yHiwEDW,1,4,,,"4aqmHt2wkSQcmFSyb,HBnnqDDNQLLc6ToWo,br9eXDkSdwDfLrZZM,RrSmPG3HekXR2cS3S,gomZQutRpbGb3zmAq",,,z63TAgyEqoeEdej75,KBKHojeRAcrua84WD,yjBexQraFcxKmfRcX,2022-05-25T20:47:52Z
wsHxcQMsocXdSP4Xj,2,4,,,"gwsH5KiNdqjPbxHeh,bXuH7inc2zA3trvbs,6ppYmNd9mDPXaR9MZ,9qPcJp2cckCC9YqWC,P8wJhzjbQnXMPXcC7,6kaMFu6qq8zRYowRw","6kaMFu6qq8zRYowRw,6ppYmNd9mDPXaR9MZ,bXuH7inc2zA3trvbs,gwsH5KiNdqjPbxHeh",wsHxcQMsocXdSP4Xj,MBgiE2nGZbeiN3eAq,KBKHojeRAcrua84WD,yjBexQraFcxKmfRcX,2022-05-25T20:47:52Z
KSFpW374FfNe2CKA5,3,4,,,"HFEedvPnjZqxGtrv9,TSd8P242WFDSccgAD,TKT5WSTsh4TmsGYio,7wDhowzEfdquWuq5E,KGi8vjQcJ5NjfrP5s,HGKFLh2vwYvBPGqPM,5CszMmExEwyuqd8K2","KGi8vjQcJ5NjfrP5s,HGKFLh2vwYvBPGqPM,5CszMmExEwyuqd8K2",,cf373CqcTAgv6soYx,KBKHojeRAcrua84WD,yjBexQraFcxKmfRcX,2022-05-25T20:47:52Z
eWmxgXkqw6hRYJHJ4,0,4,,,,,,cf373CqcTAgv6soYx,Z5fqWaZpunWsW77Lb,yjBexQraFcxKmfRcX,2022-05-25T20:47:53Z
JHf7cnjRrrTyCmMDb,1,4,,,,,,z63TAgyEqoeEdej75,Z5fqWaZpunWsW77Lb,yjBexQraFcxKmfRcX,2022-05-25T20:47:53Z
smXNgyE9n9pRDYhjc,2,4,,,"9qPcJp2cckCC9YqWC,P8wJhzjbQnXMPXcC7",,,MBgiE2nGZbeiN3eAq,Z5fqWaZpunWsW77Lb,yjBexQraFcxKmfRcX,2022-05-25T20:47:53Z
4iaCmZPnJB2mKay3t,3,4,,,"XJzxspLu7NCMvTetJ,uPH6hC5ZymXNoAXX4,w4E35WJmwYKFD72ES",,,jBgvfqzYXmGMGeQQP,Z5fqWaZpunWsW77Lb,yjBexQraFcxKmfRcX,2022-05-25T20:47:53Z
rYqHQFnBvnnPdDm4D,0,4,,,,,,cf373CqcTAgv6soYx,CixBSN7WHKXaRtTSt,yjBexQraFcxKmfRcX,2022-05-25T20:47:54Z
b8cTq5oefucfSs8LD,1,4,,,,,,z63TAgyEqoeEdej75,CixBSN7WHKXaRtTSt,yjBexQraFcxKmfRcX,2022-05-25T20:47:54Z
qRRbAMEd2zA6zHzSc,2,4,,,,,,MBgiE2nGZbeiN3eAq,CixBSN7WHKXaRtTSt,yjBexQraFcxKmfRcX,2022-05-25T20:47:54Z
PxGMEytuxhNPhkkMH,3,4,,,,,,jBgvfqzYXmGMGeQQP,CixBSN7WHKXaRtTSt,yjBexQraFcxKmfRcX,2022-05-25T20:47:54Z
EyCPsQvmHDCQrsieZ,0,4,,,,,,cf373CqcTAgv6soYx,BWBPbj737rpAeMaKR,yjBexQraFcxKmfRcX,2022-05-25T20:47:55Z
vwd9moeYKH5vjKfCA,1,4,,,,,,MBgiE2nGZbeiN3eAq,BWBPbj737rpAeMaKR,yjBexQraFcxKmfRcX,2022-05-25T20:47:55Z
pCbf3zuvi6RGEuqYG,2,4,,,,,,z63TAgyEqoeEdej75,BWBPbj737rpAeMaKR,yjBexQraFcxKmfRcX,2022-05-25T20:47:55Z
mN74E3bE75nt3dSo8,3,4,,,,,,jBgvfqzYXmGMGeQQP,BWBPbj737rpAeMaKR,yjBexQraFcxKmfRcX,2022-05-25T20:47:55Z
bXRmJzWFqsqBtzPTz,0,4,,,,,,z63TAgyEqoeEdej75,MFBbmpMavG5NPRsqt,yjBexQraFcxKmfRcX,2022-05-25T21:03:48Z
Jv7555E76Qqrq3SwF,0,4,,,,,,z63TAgyEqoeEdej75,H8dCCehB25v6TDnP9,yjBexQraFcxKmfRcX,2022-05-25T21:04:18Z
