_id,bot,readyAt,timeoutStartedAt,timeoutWaitCount,exitStepsDone,exitAt,exitStatus,retiredAt,retiredReason,createdAt,data.tangramURLs,data.partnerList,data.roleList,data.name,data.avatar,data.avatarName,data.nameColor,data.postTestGroup,data.postTestFirstSet,data.bonus,data.roomId,data.partner,data.role,data.clicked,data.exitTimeoutId,data.exited
kL89YkgifZ66E3E66,,2022-03-14T19:46:24Z,2022-03-14T19:46:24Z,1,,2022-03-14T19:47:56Z,gameCancelled,,,2022-03-14T19:44:10Z,,,,,,,,,,,,,,,,
sodnu673C7SS8J2HF,,2022-03-14T19:52:42Z,2022-03-14T19:52:42Z,1,,,,,,2022-03-14T19:44:41Z,,,,,,,,,,,,,,,,
Fxzau53zRbT6HH42g,,2022-03-14T19:46:47Z,2022-03-14T19:46:47Z,1,,2022-03-14T19:47:56Z,gameCancelled,,,2022-03-14T19:45:21Z,,,,,,,,,,,,,,,,
ohFLjSW44SzRRB8iz,,2022-03-14T19:50:22Z,2022-03-14T19:50:22Z,1,,,,,,2022-03-14T19:49:55Z,,,,,,,,,,,,,,,,
YKimzGgQgqm9xQZ8m,,2022-03-14T19:50:38Z,2022-03-14T19:50:38Z,1,,2022-03-14T20:03:31Z,custom,,,2022-03-14T19:50:14Z,"/experiment/tangram_A.png,/experiment/tangram_B.png,/experiment/tangram_C.png,/experiment/tangram_D.png","ZiLSRSfQR66ZtA7uZ,ZiLSRSfQR66ZtA7uZ,ZiLSRSfQR66ZtA7uZ,ZiLSRSfQR66ZtA7uZ,ZiLSRSfQR66ZtA7uZ,ZiLSRSfQR66ZtA7uZ,ZiLSRSfQR66ZtA7uZ,ZiLSRSfQR66ZtA7uZ,ZiLSRSfQR66ZtA7uZ,ZiLSRSfQR66ZtA7uZ,ZiLSRSfQR66ZtA7uZ,ZiLSRSfQR66ZtA7uZ,ZiLSRSfQR66ZtA7uZ,ZiLSRSfQR66ZtA7uZ,ZiLSRSfQR66ZtA7uZ,ZiLSRSfQR66ZtA7uZ,hmxukt3H7duLkzSer,hmxukt3H7duLkzSer,hmxukt3H7duLkzSer,hmxukt3H7duLkzSer,hmxukt3H7duLkzSer,hmxukt3H7duLkzSer,hmxukt3H7duLkzSer,hmxukt3H7duLkzSer,hmxukt3H7duLkzSer,hmxukt3H7duLkzSer,hmxukt3H7duLkzSer,hmxukt3H7duLkzSer,hmxukt3H7duLkzSer,hmxukt3H7duLkzSer,hmxukt3H7duLkzSer,hmxukt3H7duLkzSer,ENoBr3KunDxjehHYM,ENoBr3KunDxjehHYM,ENoBr3KunDxjehHYM,ENoBr3KunDxjehHYM,ENoBr3KunDxjehHYM,ENoBr3KunDxjehHYM,ENoBr3KunDxjehHYM,ENoBr3KunDxjehHYM,ENoBr3KunDxjehHYM,ENoBr3KunDxjehHYM,ENoBr3KunDxjehHYM,ENoBr3KunDxjehHYM,ENoBr3KunDxjehHYM,ENoBr3KunDxjehHYM,ENoBr3KunDxjehHYM,ENoBr3KunDxjehHYM","speaker,speaker,speaker,speaker,listener,listener,listener,listener,speaker,speaker,speaker,speaker,listener,listener,listener,listener,listener,listener,listener,listener,speaker,speaker,speaker,speaker,listener,listener,listener,listener,speaker,speaker,speaker,speaker,listener,listener,listener,listener,speaker,speaker,speaker,speaker,listener,listener,listener,listener,speaker,speaker,speaker,speaker",Minu,/avatars/jdenticon/Alexandra,Alexandra,#D075A7,red,setB,0.15,room1,hmxukt3H7duLkzSer,listener,false,7667,true
ZiLSRSfQR66ZtA7uZ,,2022-03-14T19:52:19Z,2022-03-14T19:52:19Z,1,,2022-03-14T20:03:42Z,custom,,,2022-03-14T19:51:55Z,"/experiment/tangram_A.png,/experiment/tangram_B.png,/experiment/tangram_C.png,/experiment/tangram_D.png","YKimzGgQgqm9xQZ8m,YKimzGgQgqm9xQZ8m,YKimzGgQgqm9xQZ8m,YKimzGgQgqm9xQZ8m,YKimzGgQgqm9xQZ8m,YKimzGgQgqm9xQZ8m,YKimzGgQgqm9xQZ8m,YKimzGgQgqm9xQZ8m,YKimzGgQgqm9xQZ8m,YKimzGgQgqm9xQZ8m,YKimzGgQgqm9xQZ8m,YKimzGgQgqm9xQZ8m,YKimzGgQgqm9xQZ8m,YKimzGgQgqm9xQZ8m,YKimzGgQgqm9xQZ8m,YKimzGgQgqm9xQZ8m,ENoBr3KunDxjehHYM,ENoBr3KunDxjehHYM,ENoBr3KunDxjehHYM,ENoBr3KunDxjehHYM,ENoBr3KunDxjehHYM,ENoBr3KunDxjehHYM,ENoBr3KunDxjehHYM,ENoBr3KunDxjehHYM,ENoBr3KunDxjehHYM,ENoBr3KunDxjehHYM,ENoBr3KunDxjehHYM,ENoBr3KunDxjehHYM,ENoBr3KunDxjehHYM,ENoBr3KunDxjehHYM,ENoBr3KunDxjehHYM,ENoBr3KunDxjehHYM,hmxukt3H7duLkzSer,hmxukt3H7duLkzSer,hmxukt3H7duLkzSer,hmxukt3H7duLkzSer,hmxukt3H7duLkzSer,hmxukt3H7duLkzSer,hmxukt3H7duLkzSer,hmxukt3H7duLkzSer,hmxukt3H7duLkzSer,hmxukt3H7duLkzSer,hmxukt3H7duLkzSer,hmxukt3H7duLkzSer,hmxukt3H7duLkzSer,hmxukt3H7duLkzSer,hmxukt3H7duLkzSer,hmxukt3H7duLkzSer","listener,listener,listener,listener,speaker,speaker,speaker,speaker,listener,listener,listener,listener,speaker,speaker,speaker,speaker,listener,listener,listener,listener,speaker,speaker,speaker,speaker,listener,listener,listener,listener,speaker,speaker,speaker,speaker,speaker,speaker,speaker,speaker,listener,listener,listener,listener,speaker,speaker,speaker,speaker,listener,listener,listener,listener",Laju,/avatars/jdenticon/Cole,Cole,#A9385B,blue,setA,0.12,room0,ENoBr3KunDxjehHYM,listener,false,142,true
hmxukt3H7duLkzSer,,2022-03-14T19:52:29Z,2022-03-14T19:52:29Z,1,,2022-03-14T20:03:42Z,custom,,,2022-03-14T19:52:09Z,"/experiment/tangram_C.png,/experiment/tangram_B.png,/experiment/tangram_D.png,/experiment/tangram_A.png","ENoBr3KunDxjehHYM,ENoBr3KunDxjehHYM,ENoBr3KunDxjehHYM,ENoBr3KunDxjehHYM,ENoBr3KunDxjehHYM,ENoBr3KunDxjehHYM,ENoBr3KunDxjehHYM,ENoBr3KunDxjehHYM,ENoBr3KunDxjehHYM,ENoBr3KunDxjehHYM,ENoBr3KunDxjehHYM,ENoBr3KunDxjehHYM,ENoBr3KunDxjehHYM,ENoBr3KunDxjehHYM,ENoBr3KunDxjehHYM,ENoBr3KunDxjehHYM,YKimzGgQgqm9xQZ8m,YKimzGgQgqm9xQZ8m,YKimzGgQgqm9xQZ8m,YKimzGgQgqm9xQZ8m,YKimzGgQgqm9xQZ8m,YKimzGgQgqm9xQZ8m,YKimzGgQgqm9xQZ8m,YKimzGgQgqm9xQZ8m,YKimzGgQgqm9xQZ8m,YKimzGgQgqm9xQZ8m,YKimzGgQgqm9xQZ8m,YKimzGgQgqm9xQZ8m,YKimzGgQgqm9xQZ8m,YKimzGgQgqm9xQZ8m,YKimzGgQgqm9xQZ8m,YKimzGgQgqm9xQZ8m,ZiLSRSfQR66ZtA7uZ,ZiLSRSfQR66ZtA7uZ,ZiLSRSfQR66ZtA7uZ,ZiLSRSfQR66ZtA7uZ,ZiLSRSfQR66ZtA7uZ,ZiLSRSfQR66ZtA7uZ,ZiLSRSfQR66ZtA7uZ,ZiLSRSfQR66ZtA7uZ,ZiLSRSfQR66ZtA7uZ,ZiLSRSfQR66ZtA7uZ,ZiLSRSfQR66ZtA7uZ,ZiLSRSfQR66ZtA7uZ,ZiLSRSfQR66ZtA7uZ,ZiLSRSfQR66ZtA7uZ,ZiLSRSfQR66ZtA7uZ,ZiLSRSfQR66ZtA7uZ","listener,listener,listener,listener,speaker,speaker,speaker,speaker,listener,listener,listener,listener,speaker,speaker,speaker,speaker,speaker,speaker,speaker,speaker,listener,listener,listener,listener,speaker,speaker,speaker,speaker,listener,listener,listener,listener,listener,listener,listener,listener,speaker,speaker,speaker,speaker,listener,listener,listener,listener,speaker,speaker,speaker,speaker",Hera,/avatars/jdenticon/Noah,Noah,#A93849,blue,setB,0.24,room1,YKimzGgQgqm9xQZ8m,speaker,false,8153,true
ENoBr3KunDxjehHYM,,2022-03-14T19:53:23Z,2022-03-14T19:53:23Z,1,,2022-03-14T20:03:42Z,custom,,,2022-03-14T19:52:49Z,"/experiment/tangram_D.png,/experiment/tangram_B.png,/experiment/tangram_A.png,/experiment/tangram_C.png","hmxukt3H7duLkzSer,hmxukt3H7duLkzSer,hmxukt3H7duLkzSer,hmxukt3H7duLkzSer,hmxukt3H7duLkzSer,hmxukt3H7duLkzSer,hmxukt3H7duLkzSer,hmxukt3H7duLkzSer,hmxukt3H7duLkzSer,hmxukt3H7duLkzSer,hmxukt3H7duLkzSer,hmxukt3H7duLkzSer,hmxukt3H7duLkzSer,hmxukt3H7duLkzSer,hmxukt3H7duLkzSer,hmxukt3H7duLkzSer,ZiLSRSfQR66ZtA7uZ,ZiLSRSfQR66ZtA7uZ,ZiLSRSfQR66ZtA7uZ,ZiLSRSfQR66ZtA7uZ,ZiLSRSfQR66ZtA7uZ,ZiLSRSfQR66ZtA7uZ,ZiLSRSfQR66ZtA7uZ,ZiLSRSfQR66ZtA7uZ,ZiLSRSfQR66ZtA7uZ,ZiLSRSfQR66ZtA7uZ,ZiLSRSfQR66ZtA7uZ,ZiLSRSfQR66ZtA7uZ,ZiLSRSfQR66ZtA7uZ,ZiLSRSfQR66ZtA7uZ,ZiLSRSfQR66ZtA7uZ,ZiLSRSfQR66ZtA7uZ,YKimzGgQgqm9xQZ8m,YKimzGgQgqm9xQZ8m,YKimzGgQgqm9xQZ8m,YKimzGgQgqm9xQZ8m,YKimzGgQgqm9xQZ8m,YKimzGgQgqm9xQZ8m,YKimzGgQgqm9xQZ8m,YKimzGgQgqm9xQZ8m,YKimzGgQgqm9xQZ8m,YKimzGgQgqm9xQZ8m,YKimzGgQgqm9xQZ8m,YKimzGgQgqm9xQZ8m,YKimzGgQgqm9xQZ8m,YKimzGgQgqm9xQZ8m,YKimzGgQgqm9xQZ8m,YKimzGgQgqm9xQZ8m","speaker,speaker,speaker,speaker,listener,listener,listener,listener,speaker,speaker,speaker,speaker,listener,listener,listener,listener,speaker,speaker,speaker,speaker,listener,listener,listener,listener,speaker,speaker,speaker,speaker,listener,listener,listener,listener,speaker,speaker,speaker,speaker,listener,listener,listener,listener,speaker,speaker,speaker,speaker,listener,listener,listener,listener",Repi,/avatars/jdenticon/Kaylee,Kaylee,#A93F39,red,setB,0.21,room0,ZiLSRSfQR66ZtA7uZ,speaker,false,7482,true
gemMBe7e7LSbcNFp6,,2022-03-14T20:13:01Z,2022-03-14T20:13:01Z,1,"instructions,blueH,blueG,blueE,blueF,blueC,blueB,blueD,blueA,ExitSurvey",2022-03-14T20:25:23Z,finished,,,2022-03-14T20:12:17Z,"/experiment/tangram_C.png,/experiment/tangram_D.png,/experiment/tangram_A.png,/experiment/tangram_B.png","LzECgNJgcnwDJXWQu,LzECgNJgcnwDJXWQu,LzECgNJgcnwDJXWQu,LzECgNJgcnwDJXWQu,JsXWYDvoKGWMNwwPf,JsXWYDvoKGWMNwwPf,JsXWYDvoKGWMNwwPf,JsXWYDvoKGWMNwwPf,nkse6SckH4febazrc,nkse6SckH4febazrc,nkse6SckH4febazrc,nkse6SckH4febazrc",,Laju,/avatars/jdenticon/Kayla,Kayla,#57AEC6,red,setB,0,room1,nkse6SckH4febazrc,,false,,
LzECgNJgcnwDJXWQu,,2022-03-14T20:14:16Z,2022-03-14T20:14:16Z,1,"instructions,blueA,blueD,blueB,blueC,blueG,blueF,blueH,blueE,ExitSurvey",2022-03-14T20:25:23Z,finished,,,2022-03-14T20:13:31Z,"/experiment/tangram_A.png,/experiment/tangram_D.png,/experiment/tangram_B.png,/experiment/tangram_C.png","gemMBe7e7LSbcNFp6,gemMBe7e7LSbcNFp6,gemMBe7e7LSbcNFp6,gemMBe7e7LSbcNFp6,nkse6SckH4febazrc,nkse6SckH4febazrc,nkse6SckH4febazrc,nkse6SckH4febazrc,JsXWYDvoKGWMNwwPf,JsXWYDvoKGWMNwwPf,JsXWYDvoKGWMNwwPf,JsXWYDvoKGWMNwwPf",,Minu,/avatars/jdenticon/Katherine,Katherine,#444EA1,red,setA,0,room0,JsXWYDvoKGWMNwwPf,,false,,
nkse6SckH4febazrc,,2022-03-14T20:14:17Z,2022-03-14T20:14:17Z,1,"instructions,blueC,blueB,blueD,blueA,blueF,blueH,blueG,blueE,ExitSurvey",2022-03-14T20:25:23Z,finished,,,2022-03-14T20:13:52Z,"/experiment/tangram_C.png,/experiment/tangram_B.png,/experiment/tangram_A.png,/experiment/tangram_D.png","JsXWYDvoKGWMNwwPf,JsXWYDvoKGWMNwwPf,JsXWYDvoKGWMNwwPf,JsXWYDvoKGWMNwwPf,LzECgNJgcnwDJXWQu,LzECgNJgcnwDJXWQu,LzECgNJgcnwDJXWQu,LzECgNJgcnwDJXWQu,gemMBe7e7LSbcNFp6,gemMBe7e7LSbcNFp6,gemMBe7e7LSbcNFp6,gemMBe7e7LSbcNFp6",,Hera,/avatars/jdenticon/Oliver,Oliver,#5792C8,red,setA,0,room1,gemMBe7e7LSbcNFp6,,false,,
JsXWYDvoKGWMNwwPf,,2022-03-14T20:14:56Z,2022-03-14T20:14:56Z,1,"instructions,blueD,blueB,blueC,blueA,blueE,blueH,blueG,blueF,ExitSurvey",2022-03-14T20:25:23Z,finished,,,2022-03-14T20:14:25Z,"/experiment/tangram_D.png,/experiment/tangram_B.png,/experiment/tangram_C.png,/experiment/tangram_A.png","nkse6SckH4febazrc,nkse6SckH4febazrc,nkse6SckH4febazrc,nkse6SckH4febazrc,gemMBe7e7LSbcNFp6,gemMBe7e7LSbcNFp6,gemMBe7e7LSbcNFp6,gemMBe7e7LSbcNFp6,LzECgNJgcnwDJXWQu,LzECgNJgcnwDJXWQu,LzECgNJgcnwDJXWQu,LzECgNJgcnwDJXWQu",,Repi,/avatars/jdenticon/Aria,Aria,#29828D,blue,setA,0,room0,LzECgNJgcnwDJXWQu,,false,,
XJzxspLu7NCMvTetJ,,,,,,,,,,2022-05-25T20:59:22Z,,,,,,,,,,,,,,,,
rLLHCJhfcCmxiMpBk,,2022-05-25T21:03:09Z,2022-05-25T21:03:09Z,1,,2022-05-25T21:15:07Z,custom,,,2022-05-25T21:00:24Z,"/experiment/tangram_G.png,/experiment/tangram_F.png,/experiment/tangram_H.png,/experiment/tangram_E.png","N5iQCyZEombigD8K2,N5iQCyZEombigD8K2,N5iQCyZEombigD8K2,N5iQCyZEombigD8K2,N5iQCyZEombigD8K2,N5iQCyZEombigD8K2,N5iQCyZEombigD8K2,N5iQCyZEombigD8K2,N5iQCyZEombigD8K2,N5iQCyZEombigD8K2,N5iQCyZEombigD8K2,N5iQCyZEombigD8K2,N5iQCyZEombigD8K2,N5iQCyZEombigD8K2,N5iQCyZEombigD8K2,N5iQCyZEombigD8K2,9aZp6gzQKn87AA5Zn,9aZp6gzQKn87AA5Zn,9aZp6gzQKn87AA5Zn,9aZp6gzQKn87AA5Zn,9aZp6gzQKn87AA5Zn,9aZp6gzQKn87AA5Zn,9aZp6gzQKn87AA5Zn,9aZp6gzQKn87AA5Zn,9aZp6gzQKn87AA5Zn,9aZp6gzQKn87AA5Zn,9aZp6gzQKn87AA5Zn,9aZp6gzQKn87AA5Zn,9aZp6gzQKn87AA5Zn,9aZp6gzQKn87AA5Zn,9aZp6gzQKn87AA5Zn,9aZp6gzQKn87AA5Zn,xpuMg5tjFuN3Tjz2L,xpuMg5tjFuN3Tjz2L,xpuMg5tjFuN3Tjz2L,xpuMg5tjFuN3Tjz2L,xpuMg5tjFuN3Tjz2L,xpuMg5tjFuN3Tjz2L,xpuMg5tjFuN3Tjz2L,xpuMg5tjFuN3Tjz2L,xpuMg5tjFuN3Tjz2L,xpuMg5tjFuN3Tjz2L,xpuMg5tjFuN3Tjz2L,xpuMg5tjFuN3Tjz2L,xpuMg5tjFuN3Tjz2L,xpuMg5tjFuN3Tjz2L,xpuMg5tjFuN3Tjz2L,xpuMg5tjFuN3Tjz2L","listener,listener,listener,listener,speaker,speaker,speaker,speaker,listener,listener,listener,listener,speaker,speaker,speaker,speaker,listener,listener,listener,listener,speaker,speaker,speaker,speaker,listener,listener,listener,listener,speaker,speaker,speaker,speaker,speaker,speaker,speaker,speaker,listener,listener,listener,listener,speaker,speaker,speaker,speaker,listener,listener,listener,listener",Laju,/avatars/jdenticon/Cole,Cole,#A9385B,red,setB,0.15,room1,xpuMg5tjFuN3Tjz2L,listener,false,2141,true
9aZp6gzQKn87AA5Zn,,2022-05-25T21:09:38Z,2022-05-25T21:09:38Z,1,,2022-05-25T21:15:07Z,custom,,,2022-05-25T21:01:39Z,"/experiment/tangram_H.png,/experiment/tangram_E.png,/experiment/tangram_G.png,/experiment/tangram_F.png","xpuMg5tjFuN3Tjz2L,xpuMg5tjFuN3Tjz2L,xpuMg5tjFuN3Tjz2L,xpuMg5tjFuN3Tjz2L,xpuMg5tjFuN3Tjz2L,xpuMg5tjFuN3Tjz2L,xpuMg5tjFuN3Tjz2L,xpuMg5tjFuN3Tjz2L,xpuMg5tjFuN3Tjz2L,xpuMg5tjFuN3Tjz2L,xpuMg5tjFuN3Tjz2L,xpuMg5tjFuN3Tjz2L,xpuMg5tjFuN3Tjz2L,xpuMg5tjFuN3Tjz2L,xpuMg5tjFuN3Tjz2L,xpuMg5tjFuN3Tjz2L,rLLHCJhfcCmxiMpBk,rLLHCJhfcCmxiMpBk,rLLHCJhfcCmxiMpBk,rLLHCJhfcCmxiMpBk,rLLHCJhfcCmxiMpBk,rLLHCJhfcCmxiMpBk,rLLHCJhfcCmxiMpBk,rLLHCJhfcCmxiMpBk,rLLHCJhfcCmxiMpBk,rLLHCJhfcCmxiMpBk,rLLHCJhfcCmxiMpBk,rLLHCJhfcCmxiMpBk,rLLHCJhfcCmxiMpBk,rLLHCJhfcCmxiMpBk,rLLHCJhfcCmxiMpBk,rLLHCJhfcCmxiMpBk,N5iQCyZEombigD8K2,N5iQCyZEombigD8K2,N5iQCyZEombigD8K2,N5iQCyZEombigD8K2,N5iQCyZEombigD8K2,N5iQCyZEombigD8K2,N5iQCyZEombigD8K2,N5iQCyZEombigD8K2,N5iQCyZEombigD8K2,N5iQCyZEombigD8K2,N5iQCyZEombigD8K2,N5iQCyZEombigD8K2,N5iQCyZEombigD8K2,N5iQCyZEombigD8K2,N5iQCyZEombigD8K2,N5iQCyZEombigD8K2","speaker,speaker,speaker,speaker,listener,listener,listener,listener,speaker,speaker,speaker,speaker,listener,listener,listener,listener,speaker,speaker,speaker,speaker,listener,listener,listener,listener,speaker,speaker,speaker,speaker,listener,listener,listener,listener,speaker,speaker,speaker,speaker,listener,listener,listener,listener,speaker,speaker,speaker,speaker,listener,listener,listener,listener",Repi,/avatars/jdenticon/Kaylee,Kaylee,#A93F39,red,setA,0,room0,N5iQCyZEombigD8K2,listener,false,2209,true
xpuMg5tjFuN3Tjz2L,,2022-05-25T21:06:28Z,2022-05-25T21:06:28Z,1,,2022-05-25T21:47:58Z,custom,,,2022-05-25T21:03:13Z,"/experiment/tangram_F.png,/experiment/tangram_G.png,/experiment/tangram_H.png,/experiment/tangram_E.png","9aZp6gzQKn87AA5Zn,9aZp6gzQKn87AA5Zn,9aZp6gzQKn87AA5Zn,9aZp6gzQKn87AA5Zn,9aZp6gzQKn87AA5Zn,9aZp6gzQKn87AA5Zn,9aZp6gzQKn87AA5Zn,9aZp6gzQKn87AA5Zn,9aZp6gzQKn87AA5Zn,9aZp6gzQKn87AA5Zn,9aZp6gzQKn87AA5Zn,9aZp6gzQKn87AA5Zn,9aZp6gzQKn87AA5Zn,9aZp6gzQKn87AA5Zn,9aZp6gzQKn87AA5Zn,9aZp6gzQKn87AA5Zn,N5iQCyZEombigD8K2,N5iQCyZEombigD8K2,N5iQCyZEombigD8K2,N5iQCyZEombigD8K2,N5iQCyZEombigD8K2,N5iQCyZEombigD8K2,N5iQCyZEombigD8K2,N5iQCyZEombigD8K2,N5iQCyZEombigD8K2,N5iQCyZEombigD8K2,N5iQCyZEombigD8K2,N5iQCyZEombigD8K2,N5iQCyZEombigD8K2,N5iQCyZEombigD8K2,N5iQCyZEombigD8K2,N5iQCyZEombigD8K2,rLLHCJhfcCmxiMpBk,rLLHCJhfcCmxiMpBk,rLLHCJhfcCmxiMpBk,rLLHCJhfcCmxiMpBk,rLLHCJhfcCmxiMpBk,rLLHCJhfcCmxiMpBk,rLLHCJhfcCmxiMpBk,rLLHCJhfcCmxiMpBk,rLLHCJhfcCmxiMpBk,rLLHCJhfcCmxiMpBk,rLLHCJhfcCmxiMpBk,rLLHCJhfcCmxiMpBk,rLLHCJhfcCmxiMpBk,rLLHCJhfcCmxiMpBk,rLLHCJhfcCmxiMpBk,rLLHCJhfcCmxiMpBk","listener,listener,listener,listener,speaker,speaker,speaker,speaker,listener,listener,listener,listener,speaker,speaker,speaker,speaker,speaker,speaker,speaker,speaker,listener,listener,listener,listener,speaker,speaker,speaker,speaker,listener,listener,listener,listener,listener,listener,listener,listener,speaker,speaker,speaker,speaker,listener,listener,listener,listener,speaker,speaker,speaker,speaker",Hera,/avatars/jdenticon/Noah,Noah,#A93849,red,setA,0,room1,rLLHCJhfcCmxiMpBk,speaker,false,118,true
pdcfpzEknd6MZ9Fba,,2022-05-25T21:08:20Z,2022-05-25T21:08:20Z,1,"instructions,RedH,RedF,RedG,RedE,RedC,RedD,RedA,RedB,ExitSurvey",2022-05-25T21:48:42Z,finished,,,2022-05-25T21:03:32Z,"/experiment/tangram_H.png,/experiment/tangram_F.png,/experiment/tangram_E.png,/experiment/tangram_G.png","Gsk9wfyztmMMsboDj,Gsk9wfyztmMMsboDj,Gsk9wfyztmMMsboDj,Gsk9wfyztmMMsboDj,Gsk9wfyztmMMsboDj,Gsk9wfyztmMMsboDj,Gsk9wfyztmMMsboDj,Gsk9wfyztmMMsboDj,Gsk9wfyztmMMsboDj,Gsk9wfyztmMMsboDj,Gsk9wfyztmMMsboDj,Gsk9wfyztmMMsboDj,Gsk9wfyztmMMsboDj,Gsk9wfyztmMMsboDj,Gsk9wfyztmMMsboDj,Gsk9wfyztmMMsboDj,TWuHKQ4ug3ATkxNXt,TWuHKQ4ug3ATkxNXt,TWuHKQ4ug3ATkxNXt,TWuHKQ4ug3ATkxNXt,TWuHKQ4ug3ATkxNXt,TWuHKQ4ug3ATkxNXt,TWuHKQ4ug3ATkxNXt,TWuHKQ4ug3ATkxNXt,TWuHKQ4ug3ATkxNXt,TWuHKQ4ug3ATkxNXt,TWuHKQ4ug3ATkxNXt,TWuHKQ4ug3ATkxNXt,TWuHKQ4ug3ATkxNXt,TWuHKQ4ug3ATkxNXt,TWuHKQ4ug3ATkxNXt,TWuHKQ4ug3ATkxNXt,bSPgQvCJa4Bqcqxir,bSPgQvCJa4Bqcqxir,bSPgQvCJa4Bqcqxir,bSPgQvCJa4Bqcqxir,bSPgQvCJa4Bqcqxir,bSPgQvCJa4Bqcqxir,bSPgQvCJa4Bqcqxir,bSPgQvCJa4Bqcqxir,bSPgQvCJa4Bqcqxir,bSPgQvCJa4Bqcqxir,bSPgQvCJa4Bqcqxir,bSPgQvCJa4Bqcqxir,bSPgQvCJa4Bqcqxir,bSPgQvCJa4Bqcqxir,bSPgQvCJa4Bqcqxir,bSPgQvCJa4Bqcqxir","listener,listener,listener,listener,speaker,speaker,speaker,speaker,listener,listener,listener,listener,speaker,speaker,speaker,speaker,speaker,speaker,speaker,speaker,listener,listener,listener,listener,speaker,speaker,speaker,speaker,listener,listener,listener,listener,listener,listener,listener,listener,speaker,speaker,speaker,speaker,listener,listener,listener,listener,speaker,speaker,speaker,speaker",Hera,/avatars/jdenticon/Oliver,Oliver,#5792C8,red,setB,1.320000000000001,room1,bSPgQvCJa4Bqcqxir,speaker,/experiment/tangram_E.png,,
N5iQCyZEombigD8K2,,2022-05-25T21:07:17Z,2022-05-25T21:07:17Z,1,,2022-05-25T21:15:08Z,custom,,,2022-05-25T21:04:35Z,"/experiment/tangram_E.png,/experiment/tangram_G.png,/experiment/tangram_F.png,/experiment/tangram_H.png","rLLHCJhfcCmxiMpBk,rLLHCJhfcCmxiMpBk,rLLHCJhfcCmxiMpBk,rLLHCJhfcCmxiMpBk,rLLHCJhfcCmxiMpBk,rLLHCJhfcCmxiMpBk,rLLHCJhfcCmxiMpBk,rLLHCJhfcCmxiMpBk,rLLHCJhfcCmxiMpBk,rLLHCJhfcCmxiMpBk,rLLHCJhfcCmxiMpBk,rLLHCJhfcCmxiMpBk,rLLHCJhfcCmxiMpBk,rLLHCJhfcCmxiMpBk,rLLHCJhfcCmxiMpBk,rLLHCJhfcCmxiMpBk,xpuMg5tjFuN3Tjz2L,xpuMg5tjFuN3Tjz2L,xpuMg5tjFuN3Tjz2L,xpuMg5tjFuN3Tjz2L,xpuMg5tjFuN3Tjz2L,xpuMg5tjFuN3Tjz2L,xpuMg5tjFuN3Tjz2L,xpuMg5tjFuN3Tjz2L,xpuMg5tjFuN3Tjz2L,xpuMg5tjFuN3Tjz2L,xpuMg5tjFuN3Tjz2L,xpuMg5tjFuN3Tjz2L,xpuMg5tjFuN3Tjz2L,xpuMg5tjFuN3Tjz2L,xpuMg5tjFuN3Tjz2L,xpuMg5tjFuN3Tjz2L,9aZp6gzQKn87AA5Zn,9aZp6gzQKn87AA5Zn,9aZp6gzQKn87AA5Zn,9aZp6gzQKn87AA5Zn,9aZp6gzQKn87AA5Zn,9aZp6gzQKn87AA5Zn,9aZp6gzQKn87AA5Zn,9aZp6gzQKn87AA5Zn,9aZp6gzQKn87AA5Zn,9aZp6gzQKn87AA5Zn,9aZp6gzQKn87AA5Zn,9aZp6gzQKn87AA5Zn,9aZp6gzQKn87AA5Zn,9aZp6gzQKn87AA5Zn,9aZp6gzQKn87AA5Zn,9aZp6gzQKn87AA5Zn","speaker,speaker,speaker,speaker,listener,listener,listener,listener,speaker,speaker,speaker,speaker,listener,listener,listener,listener,listener,listener,listener,listener,speaker,speaker,speaker,speaker,listener,listener,listener,listener,speaker,speaker,speaker,speaker,listener,listener,listener,listener,speaker,speaker,speaker,speaker,listener,listener,listener,listener,speaker,speaker,speaker,speaker",Minu,/avatars/jdenticon/Alexandra,Alexandra,#D075A7,red,setB,0.15,room0,9aZp6gzQKn87AA5Zn,speaker,false,1181,true
tRsugoTDXPWggQErG,,2022-05-25T21:08:47Z,2022-05-25T21:08:47Z,1,,2022-05-25T21:50:22Z,finished,,,2022-05-25T21:05:01Z,"/experiment/tangram_B.png,/experiment/tangram_D.png,/experiment/tangram_A.png,/experiment/tangram_C.png","H2NgaNsf3ycSkxFbm,H2NgaNsf3ycSkxFbm,H2NgaNsf3ycSkxFbm,H2NgaNsf3ycSkxFbm,H2NgaNsf3ycSkxFbm,H2NgaNsf3ycSkxFbm,H2NgaNsf3ycSkxFbm,H2NgaNsf3ycSkxFbm,H2NgaNsf3ycSkxFbm,H2NgaNsf3ycSkxFbm,H2NgaNsf3ycSkxFbm,H2NgaNsf3ycSkxFbm,H2NgaNsf3ycSkxFbm,H2NgaNsf3ycSkxFbm,H2NgaNsf3ycSkxFbm,H2NgaNsf3ycSkxFbm,XTPP5vsQXGJixGhKt,XTPP5vsQXGJixGhKt,XTPP5vsQXGJixGhKt,XTPP5vsQXGJixGhKt,XTPP5vsQXGJixGhKt,XTPP5vsQXGJixGhKt,XTPP5vsQXGJixGhKt,XTPP5vsQXGJixGhKt,XTPP5vsQXGJixGhKt,XTPP5vsQXGJixGhKt,XTPP5vsQXGJixGhKt,XTPP5vsQXGJixGhKt,XTPP5vsQXGJixGhKt,XTPP5vsQXGJixGhKt,XTPP5vsQXGJixGhKt,XTPP5vsQXGJixGhKt,nnhxcSnALX377m8rv,nnhxcSnALX377m8rv,nnhxcSnALX377m8rv,nnhxcSnALX377m8rv,nnhxcSnALX377m8rv,nnhxcSnALX377m8rv,nnhxcSnALX377m8rv,nnhxcSnALX377m8rv,nnhxcSnALX377m8rv,nnhxcSnALX377m8rv,nnhxcSnALX377m8rv,nnhxcSnALX377m8rv,nnhxcSnALX377m8rv,nnhxcSnALX377m8rv,nnhxcSnALX377m8rv,nnhxcSnALX377m8rv","listener,listener,listener,listener,speaker,speaker,speaker,speaker,listener,listener,listener,listener,speaker,speaker,speaker,speaker,speaker,speaker,speaker,speaker,listener,listener,listener,listener,speaker,speaker,speaker,speaker,listener,listener,listener,listener,listener,listener,listener,listener,speaker,speaker,speaker,speaker,listener,listener,listener,listener,speaker,speaker,speaker,speaker",Hera,/avatars/jdenticon/Oliver,Oliver,#5792C8,blue,setA,0.06,room1,nnhxcSnALX377m8rv,speaker,false,4610,true
TWuHKQ4ug3ATkxNXt,,2022-05-25T21:08:25Z,2022-05-25T21:08:25Z,1,"instructions,blueD,blueA,blueB,blueC,blueH,blueG,blueE,blueF,ExitSurvey",2022-05-25T21:48:42Z,finished,,,2022-05-25T21:05:38Z,"/experiment/tangram_H.png,/experiment/tangram_G.png,/experiment/tangram_F.png,/experiment/tangram_E.png","bSPgQvCJa4Bqcqxir,bSPgQvCJa4Bqcqxir,bSPgQvCJa4Bqcqxir,bSPgQvCJa4Bqcqxir,bSPgQvCJa4Bqcqxir,bSPgQvCJa4Bqcqxir,bSPgQvCJa4Bqcqxir,bSPgQvCJa4Bqcqxir,bSPgQvCJa4Bqcqxir,bSPgQvCJa4Bqcqxir,bSPgQvCJa4Bqcqxir,bSPgQvCJa4Bqcqxir,bSPgQvCJa4Bqcqxir,bSPgQvCJa4Bqcqxir,bSPgQvCJa4Bqcqxir,bSPgQvCJa4Bqcqxir,pdcfpzEknd6MZ9Fba,pdcfpzEknd6MZ9Fba,pdcfpzEknd6MZ9Fba,pdcfpzEknd6MZ9Fba,pdcfpzEknd6MZ9Fba,pdcfpzEknd6MZ9Fba,pdcfpzEknd6MZ9Fba,pdcfpzEknd6MZ9Fba,pdcfpzEknd6MZ9Fba,pdcfpzEknd6MZ9Fba,pdcfpzEknd6MZ9Fba,pdcfpzEknd6MZ9Fba,pdcfpzEknd6MZ9Fba,pdcfpzEknd6MZ9Fba,pdcfpzEknd6MZ9Fba,pdcfpzEknd6MZ9Fba,Gsk9wfyztmMMsboDj,Gsk9wfyztmMMsboDj,Gsk9wfyztmMMsboDj,Gsk9wfyztmMMsboDj,Gsk9wfyztmMMsboDj,Gsk9wfyztmMMsboDj,Gsk9wfyztmMMsboDj,Gsk9wfyztmMMsboDj,Gsk9wfyztmMMsboDj,Gsk9wfyztmMMsboDj,Gsk9wfyztmMMsboDj,Gsk9wfyztmMMsboDj,Gsk9wfyztmMMsboDj,Gsk9wfyztmMMsboDj,Gsk9wfyztmMMsboDj,Gsk9wfyztmMMsboDj","speaker,speaker,speaker,speaker,listener,listener,listener,listener,speaker,speaker,speaker,speaker,listener,listener,listener,listener,listener,listener,listener,listener,speaker,speaker,speaker,speaker,listener,listener,listener,listener,speaker,speaker,speaker,speaker,listener,listener,listener,listener,speaker,speaker,speaker,speaker,listener,listener,listener,listener,speaker,speaker,speaker,speaker",Minu,/avatars/jdenticon/Katherine,Katherine,#444EA1,blue,setA,1.5900000000000012,room0,Gsk9wfyztmMMsboDj,speaker,/experiment/tangram_E.png,,
bSPgQvCJa4Bqcqxir,,2022-05-25T21:11:13Z,2022-05-25T21:11:13Z,1,"instructions,RedA,RedD,RedB,RedC,RedE,RedF,RedH,RedG,ExitSurvey",2022-05-25T21:48:42Z,finished,,,2022-05-25T21:06:25Z,"/experiment/tangram_G.png,/experiment/tangram_E.png,/experiment/tangram_H.png,/experiment/tangram_F.png","TWuHKQ4ug3ATkxNXt,TWuHKQ4ug3ATkxNXt,TWuHKQ4ug3ATkxNXt,TWuHKQ4ug3ATkxNXt,TWuHKQ4ug3ATkxNXt,TWuHKQ4ug3ATkxNXt,TWuHKQ4ug3ATkxNXt,TWuHKQ4ug3ATkxNXt,TWuHKQ4ug3ATkxNXt,TWuHKQ4ug3ATkxNXt,TWuHKQ4ug3ATkxNXt,TWuHKQ4ug3ATkxNXt,TWuHKQ4ug3ATkxNXt,TWuHKQ4ug3ATkxNXt,TWuHKQ4ug3ATkxNXt,TWuHKQ4ug3ATkxNXt,Gsk9wfyztmMMsboDj,Gsk9wfyztmMMsboDj,Gsk9wfyztmMMsboDj,Gsk9wfyztmMMsboDj,Gsk9wfyztmMMsboDj,Gsk9wfyztmMMsboDj,Gsk9wfyztmMMsboDj,Gsk9wfyztmMMsboDj,Gsk9wfyztmMMsboDj,Gsk9wfyztmMMsboDj,Gsk9wfyztmMMsboDj,Gsk9wfyztmMMsboDj,Gsk9wfyztmMMsboDj,Gsk9wfyztmMMsboDj,Gsk9wfyztmMMsboDj,Gsk9wfyztmMMsboDj,pdcfpzEknd6MZ9Fba,pdcfpzEknd6MZ9Fba,pdcfpzEknd6MZ9Fba,pdcfpzEknd6MZ9Fba,pdcfpzEknd6MZ9Fba,pdcfpzEknd6MZ9Fba,pdcfpzEknd6MZ9Fba,pdcfpzEknd6MZ9Fba,pdcfpzEknd6MZ9Fba,pdcfpzEknd6MZ9Fba,pdcfpzEknd6MZ9Fba,pdcfpzEknd6MZ9Fba,pdcfpzEknd6MZ9Fba,pdcfpzEknd6MZ9Fba,pdcfpzEknd6MZ9Fba,pdcfpzEknd6MZ9Fba","listener,listener,listener,listener,speaker,speaker,speaker,speaker,listener,listener,listener,listener,speaker,speaker,speaker,speaker,listener,listener,listener,listener,speaker,speaker,speaker,speaker,listener,listener,listener,listener,speaker,speaker,speaker,speaker,speaker,speaker,speaker,speaker,listener,listener,listener,listener,speaker,speaker,speaker,speaker,listener,listener,listener,listener",Laju,/avatars/jdenticon/Kayla,Kayla,#57AEC6,red,setA,1.470000000000001,room1,pdcfpzEknd6MZ9Fba,listener,/experiment/tangram_E.png,,
5hZz6ctwyEZBEspHz,,2022-05-25T21:09:41Z,2022-05-25T21:09:41Z,1,,2022-05-25T21:51:23Z,finished,,,2022-05-25T21:06:49Z,"/experiment/tangram_A.png,/experiment/tangram_C.png,/experiment/tangram_B.png,/experiment/tangram_D.png","XBAyMbkpCini8f65J,XBAyMbkpCini8f65J,XBAyMbkpCini8f65J,XBAyMbkpCini8f65J,XBAyMbkpCini8f65J,XBAyMbkpCini8f65J,XBAyMbkpCini8f65J,XBAyMbkpCini8f65J,XBAyMbkpCini8f65J,XBAyMbkpCini8f65J,XBAyMbkpCini8f65J,XBAyMbkpCini8f65J,XBAyMbkpCini8f65J,XBAyMbkpCini8f65J,XBAyMbkpCini8f65J,XBAyMbkpCini8f65J,J7bini4bSnbgQbssr,J7bini4bSnbgQbssr,J7bini4bSnbgQbssr,J7bini4bSnbgQbssr,J7bini4bSnbgQbssr,J7bini4bSnbgQbssr,J7bini4bSnbgQbssr,J7bini4bSnbgQbssr,J7bini4bSnbgQbssr,J7bini4bSnbgQbssr,J7bini4bSnbgQbssr,J7bini4bSnbgQbssr,J7bini4bSnbgQbssr,J7bini4bSnbgQbssr,J7bini4bSnbgQbssr,J7bini4bSnbgQbssr,7c2zB7cQyhcYDibC2,7c2zB7cQyhcYDibC2,7c2zB7cQyhcYDibC2,7c2zB7cQyhcYDibC2,7c2zB7cQyhcYDibC2,7c2zB7cQyhcYDibC2,7c2zB7cQyhcYDibC2,7c2zB7cQyhcYDibC2,7c2zB7cQyhcYDibC2,7c2zB7cQyhcYDibC2,7c2zB7cQyhcYDibC2,7c2zB7cQyhcYDibC2,7c2zB7cQyhcYDibC2,7c2zB7cQyhcYDibC2,7c2zB7cQyhcYDibC2,7c2zB7cQyhcYDibC2","speaker,speaker,speaker,speaker,listener,listener,listener,listener,speaker,speaker,speaker,speaker,listener,listener,listener,listener,speaker,speaker,speaker,speaker,listener,listener,listener,listener,speaker,speaker,speaker,speaker,listener,listener,listener,listener,speaker,speaker,speaker,speaker,listener,listener,listener,listener,speaker,speaker,speaker,speaker,listener,listener,listener,listener",Repi,/avatars/jdenticon/Kaylee,Kaylee,#A93F39,red,setB,0.09,room0,7c2zB7cQyhcYDibC2,listener,false,791,true
H2NgaNsf3ycSkxFbm,,2022-05-25T21:11:03Z,2022-05-25T21:11:03Z,1,,2022-05-25T21:50:22Z,finished,,,2022-05-25T21:06:51Z,"/experiment/tangram_A.png,/experiment/tangram_D.png,/experiment/tangram_B.png,/experiment/tangram_C.png","tRsugoTDXPWggQErG,tRsugoTDXPWggQErG,tRsugoTDXPWggQErG,tRsugoTDXPWggQErG,tRsugoTDXPWggQErG,tRsugoTDXPWggQErG,tRsugoTDXPWggQErG,tRsugoTDXPWggQErG,tRsugoTDXPWggQErG,tRsugoTDXPWggQErG,tRsugoTDXPWggQErG,tRsugoTDXPWggQErG,tRsugoTDXPWggQErG,tRsugoTDXPWggQErG,tRsugoTDXPWggQErG,tRsugoTDXPWggQErG,nnhxcSnALX377m8rv,nnhxcSnALX377m8rv,nnhxcSnALX377m8rv,nnhxcSnALX377m8rv,nnhxcSnALX377m8rv,nnhxcSnALX377m8rv,nnhxcSnALX377m8rv,nnhxcSnALX377m8rv,nnhxcSnALX377m8rv,nnhxcSnALX377m8rv,nnhxcSnALX377m8rv,nnhxcSnALX377m8rv,nnhxcSnALX377m8rv,nnhxcSnALX377m8rv,nnhxcSnALX377m8rv,nnhxcSnALX377m8rv,XTPP5vsQXGJixGhKt,XTPP5vsQXGJixGhKt,XTPP5vsQXGJixGhKt,XTPP5vsQXGJixGhKt,XTPP5vsQXGJixGhKt,XTPP5vsQXGJixGhKt,XTPP5vsQXGJixGhKt,XTPP5vsQXGJixGhKt,XTPP5vsQXGJixGhKt,XTPP5vsQXGJixGhKt,XTPP5vsQXGJixGhKt,XTPP5vsQXGJixGhKt,XTPP5vsQXGJixGhKt,XTPP5vsQXGJixGhKt,XTPP5vsQXGJixGhKt,XTPP5vsQXGJixGhKt","speaker,speaker,speaker,speaker,listener,listener,listener,listener,speaker,speaker,speaker,speaker,listener,listener,listener,listener,speaker,speaker,speaker,speaker,listener,listener,listener,listener,speaker,speaker,speaker,speaker,listener,listener,listener,listener,speaker,speaker,speaker,speaker,listener,listener,listener,listener,speaker,speaker,speaker,speaker,listener,listener,listener,listener",Repi,/avatars/jdenticon/Aria,Aria,#29828D,red,setA,0,room0,XTPP5vsQXGJixGhKt,listener,false,,
XTPP5vsQXGJixGhKt,,2022-05-25T21:11:21Z,2022-05-25T21:11:21Z,1,,2022-05-25T21:50:22Z,finished,,,2022-05-25T21:06:59Z,"/experiment/tangram_C.png,/experiment/tangram_D.png,/experiment/tangram_A.png,/experiment/tangram_B.png","nnhxcSnALX377m8rv,nnhxcSnALX377m8rv,nnhxcSnALX377m8rv,nnhxcSnALX377m8rv,nnhxcSnALX377m8rv,nnhxcSnALX377m8rv,nnhxcSnALX377m8rv,nnhxcSnALX377m8rv,nnhxcSnALX377m8rv,nnhxcSnALX377m8rv,nnhxcSnALX377m8rv,nnhxcSnALX377m8rv,nnhxcSnALX377m8rv,nnhxcSnALX377m8rv,nnhxcSnALX377m8rv,nnhxcSnALX377m8rv,tRsugoTDXPWggQErG,tRsugoTDXPWggQErG,tRsugoTDXPWggQErG,tRsugoTDXPWggQErG,tRsugoTDXPWggQErG,tRsugoTDXPWggQErG,tRsugoTDXPWggQErG,tRsugoTDXPWggQErG,tRsugoTDXPWggQErG,tRsugoTDXPWggQErG,tRsugoTDXPWggQErG,tRsugoTDXPWggQErG,tRsugoTDXPWggQErG,tRsugoTDXPWggQErG,tRsugoTDXPWggQErG,tRsugoTDXPWggQErG,H2NgaNsf3ycSkxFbm,H2NgaNsf3ycSkxFbm,H2NgaNsf3ycSkxFbm,H2NgaNsf3ycSkxFbm,H2NgaNsf3ycSkxFbm,H2NgaNsf3ycSkxFbm,H2NgaNsf3ycSkxFbm,H2NgaNsf3ycSkxFbm,H2NgaNsf3ycSkxFbm,H2NgaNsf3ycSkxFbm,H2NgaNsf3ycSkxFbm,H2NgaNsf3ycSkxFbm,H2NgaNsf3ycSkxFbm,H2NgaNsf3ycSkxFbm,H2NgaNsf3ycSkxFbm,H2NgaNsf3ycSkxFbm","speaker,speaker,speaker,speaker,listener,listener,listener,listener,speaker,speaker,speaker,speaker,listener,listener,listener,listener,listener,listener,listener,listener,speaker,speaker,speaker,speaker,listener,listener,listener,listener,speaker,speaker,speaker,speaker,listener,listener,listener,listener,speaker,speaker,speaker,speaker,listener,listener,listener,listener,speaker,speaker,speaker,speaker",Minu,/avatars/jdenticon/Katherine,Katherine,#444EA1,blue,setA,0.8400000000000005,room0,H2NgaNsf3ycSkxFbm,speaker,false,3790,true
J7bini4bSnbgQbssr,,2022-05-25T21:09:35Z,2022-05-25T21:09:35Z,1,,2022-05-25T21:51:23Z,finished,,,2022-05-25T21:06:59Z,"/experiment/tangram_A.png,/experiment/tangram_C.png,/experiment/tangram_B.png,/experiment/tangram_D.png","7c2zB7cQyhcYDibC2,7c2zB7cQyhcYDibC2,7c2zB7cQyhcYDibC2,7c2zB7cQyhcYDibC2,7c2zB7cQyhcYDibC2,7c2zB7cQyhcYDibC2,7c2zB7cQyhcYDibC2,7c2zB7cQyhcYDibC2,7c2zB7cQyhcYDibC2,7c2zB7cQyhcYDibC2,7c2zB7cQyhcYDibC2,7c2zB7cQyhcYDibC2,7c2zB7cQyhcYDibC2,7c2zB7cQyhcYDibC2,7c2zB7cQyhcYDibC2,7c2zB7cQyhcYDibC2,5hZz6ctwyEZBEspHz,5hZz6ctwyEZBEspHz,5hZz6ctwyEZBEspHz,5hZz6ctwyEZBEspHz,5hZz6ctwyEZBEspHz,5hZz6ctwyEZBEspHz,5hZz6ctwyEZBEspHz,5hZz6ctwyEZBEspHz,5hZz6ctwyEZBEspHz,5hZz6ctwyEZBEspHz,5hZz6ctwyEZBEspHz,5hZz6ctwyEZBEspHz,5hZz6ctwyEZBEspHz,5hZz6ctwyEZBEspHz,5hZz6ctwyEZBEspHz,5hZz6ctwyEZBEspHz,XBAyMbkpCini8f65J,XBAyMbkpCini8f65J,XBAyMbkpCini8f65J,XBAyMbkpCini8f65J,XBAyMbkpCini8f65J,XBAyMbkpCini8f65J,XBAyMbkpCini8f65J,XBAyMbkpCini8f65J,XBAyMbkpCini8f65J,XBAyMbkpCini8f65J,XBAyMbkpCini8f65J,XBAyMbkpCini8f65J,XBAyMbkpCini8f65J,XBAyMbkpCini8f65J,XBAyMbkpCini8f65J,XBAyMbkpCini8f65J","listener,listener,listener,listener,speaker,speaker,speaker,speaker,listener,listener,listener,listener,speaker,speaker,speaker,speaker,listener,listener,listener,listener,speaker,speaker,speaker,speaker,listener,listener,listener,listener,speaker,speaker,speaker,speaker,speaker,speaker,speaker,speaker,listener,listener,listener,listener,speaker,speaker,speaker,speaker,listener,listener,listener,listener",Laju,/avatars/jdenticon/Cole,Cole,#A9385B,red,setB,0,room1,XBAyMbkpCini8f65J,listener,false,622,true
XBAyMbkpCini8f65J,,2022-05-25T21:11:24Z,2022-05-25T21:11:24Z,1,,2022-05-25T21:51:23Z,finished,,,2022-05-25T21:07:34Z,"/experiment/tangram_A.png,/experiment/tangram_D.png,/experiment/tangram_C.png,/experiment/tangram_B.png","5hZz6ctwyEZBEspHz,5hZz6ctwyEZBEspHz,5hZz6ctwyEZBEspHz,5hZz6ctwyEZBEspHz,5hZz6ctwyEZBEspHz,5hZz6ctwyEZBEspHz,5hZz6ctwyEZBEspHz,5hZz6ctwyEZBEspHz,5hZz6ctwyEZBEspHz,5hZz6ctwyEZBEspHz,5hZz6ctwyEZBEspHz,5hZz6ctwyEZBEspHz,5hZz6ctwyEZBEspHz,5hZz6ctwyEZBEspHz,5hZz6ctwyEZBEspHz,5hZz6ctwyEZBEspHz,7c2zB7cQyhcYDibC2,7c2zB7cQyhcYDibC2,7c2zB7cQyhcYDibC2,7c2zB7cQyhcYDibC2,7c2zB7cQyhcYDibC2,7c2zB7cQyhcYDibC2,7c2zB7cQyhcYDibC2,7c2zB7cQyhcYDibC2,7c2zB7cQyhcYDibC2,7c2zB7cQyhcYDibC2,7c2zB7cQyhcYDibC2,7c2zB7cQyhcYDibC2,7c2zB7cQyhcYDibC2,7c2zB7cQyhcYDibC2,7c2zB7cQyhcYDibC2,7c2zB7cQyhcYDibC2,J7bini4bSnbgQbssr,J7bini4bSnbgQbssr,J7bini4bSnbgQbssr,J7bini4bSnbgQbssr,J7bini4bSnbgQbssr,J7bini4bSnbgQbssr,J7bini4bSnbgQbssr,J7bini4bSnbgQbssr,J7bini4bSnbgQbssr,J7bini4bSnbgQbssr,J7bini4bSnbgQbssr,J7bini4bSnbgQbssr,J7bini4bSnbgQbssr,J7bini4bSnbgQbssr,J7bini4bSnbgQbssr,J7bini4bSnbgQbssr","listener,listener,listener,listener,speaker,speaker,speaker,speaker,listener,listener,listener,listener,speaker,speaker,speaker,speaker,speaker,speaker,speaker,speaker,listener,listener,listener,listener,speaker,speaker,speaker,speaker,listener,listener,listener,listener,listener,listener,listener,listener,speaker,speaker,speaker,speaker,listener,listener,listener,listener,speaker,speaker,speaker,speaker",Hera,/avatars/jdenticon/Noah,Noah,#A93849,blue,setB,0.09,room1,J7bini4bSnbgQbssr,speaker,false,234,true
nnhxcSnALX377m8rv,,2022-05-25T21:11:26Z,2022-05-25T21:11:26Z,1,,2022-05-25T21:50:22Z,finished,,,2022-05-25T21:07:47Z,"/experiment/tangram_A.png,/experiment/tangram_D.png,/experiment/tangram_C.png,/experiment/tangram_B.png","XTPP5vsQXGJixGhKt,XTPP5vsQXGJixGhKt,XTPP5vsQXGJixGhKt,XTPP5vsQXGJixGhKt,XTPP5vsQXGJixGhKt,XTPP5vsQXGJixGhKt,XTPP5vsQXGJixGhKt,XTPP5vsQXGJixGhKt,XTPP5vsQXGJixGhKt,XTPP5vsQXGJixGhKt,XTPP5vsQXGJixGhKt,XTPP5vsQXGJixGhKt,XTPP5vsQXGJixGhKt,XTPP5vsQXGJixGhKt,XTPP5vsQXGJixGhKt,XTPP5vsQXGJixGhKt,H2NgaNsf3ycSkxFbm,H2NgaNsf3ycSkxFbm,H2NgaNsf3ycSkxFbm,H2NgaNsf3ycSkxFbm,H2NgaNsf3ycSkxFbm,H2NgaNsf3ycSkxFbm,H2NgaNsf3ycSkxFbm,H2NgaNsf3ycSkxFbm,H2NgaNsf3ycSkxFbm,H2NgaNsf3ycSkxFbm,H2NgaNsf3ycSkxFbm,H2NgaNsf3ycSkxFbm,H2NgaNsf3ycSkxFbm,H2NgaNsf3ycSkxFbm,H2NgaNsf3ycSkxFbm,H2NgaNsf3ycSkxFbm,tRsugoTDXPWggQErG,tRsugoTDXPWggQErG,tRsugoTDXPWggQErG,tRsugoTDXPWggQErG,tRsugoTDXPWggQErG,tRsugoTDXPWggQErG,tRsugoTDXPWggQErG,tRsugoTDXPWggQErG,tRsugoTDXPWggQErG,tRsugoTDXPWggQErG,tRsugoTDXPWggQErG,tRsugoTDXPWggQErG,tRsugoTDXPWggQErG,tRsugoTDXPWggQErG,tRsugoTDXPWggQErG,tRsugoTDXPWggQErG","listener,listener,listener,listener,speaker,speaker,speaker,speaker,listener,listener,listener,listener,speaker,speaker,speaker,speaker,listener,listener,listener,listener,speaker,speaker,speaker,speaker,listener,listener,listener,listener,speaker,speaker,speaker,speaker,speaker,speaker,speaker,speaker,listener,listener,listener,listener,speaker,speaker,speaker,speaker,listener,listener,listener,listener",Laju,/avatars/jdenticon/Kayla,Kayla,#57AEC6,blue,setB,0.8100000000000005,room1,tRsugoTDXPWggQErG,listener,false,5249,true
gwsH5KiNdqjPbxHeh,,2022-05-25T21:21:09Z,2022-05-25T21:21:09Z,1,"instructions,RedH,RedE,RedG,RedF,RedD,RedA,RedC,RedB,ExitSurvey",2022-05-25T21:50:53Z,finished,,,2022-05-25T21:08:20Z,"/experiment/tangram_H.png,/experiment/tangram_E.png,/experiment/tangram_F.png,/experiment/tangram_G.png","6kaMFu6qq8zRYowRw,6kaMFu6qq8zRYowRw,6kaMFu6qq8zRYowRw,6kaMFu6qq8zRYowRw,6kaMFu6qq8zRYowRw,6kaMFu6qq8zRYowRw,6kaMFu6qq8zRYowRw,6kaMFu6qq8zRYowRw,6kaMFu6qq8zRYowRw,6kaMFu6qq8zRYowRw,6kaMFu6qq8zRYowRw,6kaMFu6qq8zRYowRw,6kaMFu6qq8zRYowRw,6kaMFu6qq8zRYowRw,6kaMFu6qq8zRYowRw,6kaMFu6qq8zRYowRw,6ppYmNd9mDPXaR9MZ,6ppYmNd9mDPXaR9MZ,6ppYmNd9mDPXaR9MZ,6ppYmNd9mDPXaR9MZ,6ppYmNd9mDPXaR9MZ,6ppYmNd9mDPXaR9MZ,6ppYmNd9mDPXaR9MZ,6ppYmNd9mDPXaR9MZ,6ppYmNd9mDPXaR9MZ,6ppYmNd9mDPXaR9MZ,6ppYmNd9mDPXaR9MZ,6ppYmNd9mDPXaR9MZ,6ppYmNd9mDPXaR9MZ,6ppYmNd9mDPXaR9MZ,6ppYmNd9mDPXaR9MZ,6ppYmNd9mDPXaR9MZ,bXuH7inc2zA3trvbs,bXuH7inc2zA3trvbs,bXuH7inc2zA3trvbs,bXuH7inc2zA3trvbs,bXuH7inc2zA3trvbs,bXuH7inc2zA3trvbs,bXuH7inc2zA3trvbs,bXuH7inc2zA3trvbs,bXuH7inc2zA3trvbs,bXuH7inc2zA3trvbs,bXuH7inc2zA3trvbs,bXuH7inc2zA3trvbs,bXuH7inc2zA3trvbs,bXuH7inc2zA3trvbs,bXuH7inc2zA3trvbs,bXuH7inc2zA3trvbs","listener,listener,listener,listener,speaker,speaker,speaker,speaker,listener,listener,listener,listener,speaker,speaker,speaker,speaker,speaker,speaker,speaker,speaker,listener,listener,listener,listener,speaker,speaker,speaker,speaker,listener,listener,listener,listener,listener,listener,listener,listener,speaker,speaker,speaker,speaker,listener,listener,listener,listener,speaker,speaker,speaker,speaker",Hera,/avatars/jdenticon/Oliver,Oliver,#5792C8,red,setB,1.6800000000000013,room1,bXuH7inc2zA3trvbs,speaker,/experiment/tangram_G.png,,
7c2zB7cQyhcYDibC2,,2022-05-25T21:12:41Z,2022-05-25T21:12:41Z,1,,2022-05-25T21:51:23Z,finished,,,2022-05-25T21:08:25Z,"/experiment/tangram_D.png,/experiment/tangram_B.png,/experiment/tangram_C.png,/experiment/tangram_A.png","J7bini4bSnbgQbssr,J7bini4bSnbgQbssr,J7bini4bSnbgQbssr,J7bini4bSnbgQbssr,J7bini4bSnbgQbssr,J7bini4bSnbgQbssr,J7bini4bSnbgQbssr,J7bini4bSnbgQbssr,J7bini4bSnbgQbssr,J7bini4bSnbgQbssr,J7bini4bSnbgQbssr,J7bini4bSnbgQbssr,J7bini4bSnbgQbssr,J7bini4bSnbgQbssr,J7bini4bSnbgQbssr,J7bini4bSnbgQbssr,XBAyMbkpCini8f65J,XBAyMbkpCini8f65J,XBAyMbkpCini8f65J,XBAyMbkpCini8f65J,XBAyMbkpCini8f65J,XBAyMbkpCini8f65J,XBAyMbkpCini8f65J,XBAyMbkpCini8f65J,XBAyMbkpCini8f65J,XBAyMbkpCini8f65J,XBAyMbkpCini8f65J,XBAyMbkpCini8f65J,XBAyMbkpCini8f65J,XBAyMbkpCini8f65J,XBAyMbkpCini8f65J,XBAyMbkpCini8f65J,5hZz6ctwyEZBEspHz,5hZz6ctwyEZBEspHz,5hZz6ctwyEZBEspHz,5hZz6ctwyEZBEspHz,5hZz6ctwyEZBEspHz,5hZz6ctwyEZBEspHz,5hZz6ctwyEZBEspHz,5hZz6ctwyEZBEspHz,5hZz6ctwyEZBEspHz,5hZz6ctwyEZBEspHz,5hZz6ctwyEZBEspHz,5hZz6ctwyEZBEspHz,5hZz6ctwyEZBEspHz,5hZz6ctwyEZBEspHz,5hZz6ctwyEZBEspHz,5hZz6ctwyEZBEspHz","speaker,speaker,speaker,speaker,listener,listener,listener,listener,speaker,speaker,speaker,speaker,listener,listener,listener,listener,listener,listener,listener,listener,speaker,speaker,speaker,speaker,listener,listener,listener,listener,speaker,speaker,speaker,speaker,listener,listener,listener,listener,speaker,speaker,speaker,speaker,listener,listener,listener,listener,speaker,speaker,speaker,speaker",Minu,/avatars/jdenticon/Alexandra,Alexandra,#D075A7,red,setA,0,room0,5hZz6ctwyEZBEspHz,speaker,false,,
4aqmHt2wkSQcmFSyb,,,,,,,,,,2022-05-25T21:10:17Z,,,,,,,,,,,,,,,,
NWBxYqkdH4xSzDiw9,,2022-05-25T21:14:08Z,2022-05-25T21:14:08Z,1,"instructions,RedB,RedA,RedD,RedC,RedE,RedF,RedG,RedH,ExitSurvey",2022-05-25T21:59:09Z,finished,,,2022-05-25T21:10:41Z,"/experiment/tangram_C.png,/experiment/tangram_B.png,/experiment/tangram_D.png,/experiment/tangram_A.png","NqAQeDPXaQh2Xv2KD,NqAQeDPXaQh2Xv2KD,NqAQeDPXaQh2Xv2KD,NqAQeDPXaQh2Xv2KD,NqAQeDPXaQh2Xv2KD,NqAQeDPXaQh2Xv2KD,NqAQeDPXaQh2Xv2KD,NqAQeDPXaQh2Xv2KD,NqAQeDPXaQh2Xv2KD,NqAQeDPXaQh2Xv2KD,NqAQeDPXaQh2Xv2KD,NqAQeDPXaQh2Xv2KD,NqAQeDPXaQh2Xv2KD,NqAQeDPXaQh2Xv2KD,NqAQeDPXaQh2Xv2KD,NqAQeDPXaQh2Xv2KD,W4MQ5woSyJjCuAE5G,W4MQ5woSyJjCuAE5G,W4MQ5woSyJjCuAE5G,W4MQ5woSyJjCuAE5G,W4MQ5woSyJjCuAE5G,W4MQ5woSyJjCuAE5G,W4MQ5woSyJjCuAE5G,W4MQ5woSyJjCuAE5G,W4MQ5woSyJjCuAE5G,W4MQ5woSyJjCuAE5G,W4MQ5woSyJjCuAE5G,W4MQ5woSyJjCuAE5G,W4MQ5woSyJjCuAE5G,W4MQ5woSyJjCuAE5G,W4MQ5woSyJjCuAE5G,W4MQ5woSyJjCuAE5G,8YFWjNuom6bt9tfJG,8YFWjNuom6bt9tfJG,8YFWjNuom6bt9tfJG,8YFWjNuom6bt9tfJG,8YFWjNuom6bt9tfJG,8YFWjNuom6bt9tfJG,8YFWjNuom6bt9tfJG,8YFWjNuom6bt9tfJG,8YFWjNuom6bt9tfJG,8YFWjNuom6bt9tfJG,8YFWjNuom6bt9tfJG,8YFWjNuom6bt9tfJG,8YFWjNuom6bt9tfJG,8YFWjNuom6bt9tfJG,8YFWjNuom6bt9tfJG,8YFWjNuom6bt9tfJG","speaker,speaker,speaker,speaker,listener,listener,listener,listener,speaker,speaker,speaker,speaker,listener,listener,listener,listener,listener,listener,listener,listener,speaker,speaker,speaker,speaker,listener,listener,listener,listener,speaker,speaker,speaker,speaker,listener,listener,listener,listener,speaker,speaker,speaker,speaker,listener,listener,listener,listener,speaker,speaker,speaker,speaker",Minu,/avatars/jdenticon/Alexandra,Alexandra,#D075A7,red,setA,1.440000000000001,room0,8YFWjNuom6bt9tfJG,speaker,/experiment/tangram_C.png,,
HBnnqDDNQLLc6ToWo,,2022-05-25T21:13:02Z,2022-05-25T21:13:02Z,1,,,,,,2022-05-25T21:10:54Z,,,,,,,,,,,,,,,,
W4MQ5woSyJjCuAE5G,,2022-05-25T21:16:43Z,2022-05-25T21:16:43Z,1,"instructions,RedB,RedD,RedC,RedA,RedG,RedF,RedH,RedE,ExitSurvey",2022-05-25T21:59:09Z,finished,,,2022-05-25T21:12:21Z,"/experiment/tangram_B.png,/experiment/tangram_D.png,/experiment/tangram_C.png,/experiment/tangram_A.png","8YFWjNuom6bt9tfJG,8YFWjNuom6bt9tfJG,8YFWjNuom6bt9tfJG,8YFWjNuom6bt9tfJG,8YFWjNuom6bt9tfJG,8YFWjNuom6bt9tfJG,8YFWjNuom6bt9tfJG,8YFWjNuom6bt9tfJG,8YFWjNuom6bt9tfJG,8YFWjNuom6bt9tfJG,8YFWjNuom6bt9tfJG,8YFWjNuom6bt9tfJG,8YFWjNuom6bt9tfJG,8YFWjNuom6bt9tfJG,8YFWjNuom6bt9tfJG,8YFWjNuom6bt9tfJG,NWBxYqkdH4xSzDiw9,NWBxYqkdH4xSzDiw9,NWBxYqkdH4xSzDiw9,NWBxYqkdH4xSzDiw9,NWBxYqkdH4xSzDiw9,NWBxYqkdH4xSzDiw9,NWBxYqkdH4xSzDiw9,NWBxYqkdH4xSzDiw9,NWBxYqkdH4xSzDiw9,NWBxYqkdH4xSzDiw9,NWBxYqkdH4xSzDiw9,NWBxYqkdH4xSzDiw9,NWBxYqkdH4xSzDiw9,NWBxYqkdH4xSzDiw9,NWBxYqkdH4xSzDiw9,NWBxYqkdH4xSzDiw9,NqAQeDPXaQh2Xv2KD,NqAQeDPXaQh2Xv2KD,NqAQeDPXaQh2Xv2KD,NqAQeDPXaQh2Xv2KD,NqAQeDPXaQh2Xv2KD,NqAQeDPXaQh2Xv2KD,NqAQeDPXaQh2Xv2KD,NqAQeDPXaQh2Xv2KD,NqAQeDPXaQh2Xv2KD,NqAQeDPXaQh2Xv2KD,NqAQeDPXaQh2Xv2KD,NqAQeDPXaQh2Xv2KD,NqAQeDPXaQh2Xv2KD,NqAQeDPXaQh2Xv2KD,NqAQeDPXaQh2Xv2KD,NqAQeDPXaQh2Xv2KD","listener,listener,listener,listener,speaker,speaker,speaker,speaker,listener,listener,listener,listener,speaker,speaker,speaker,speaker,speaker,speaker,speaker,speaker,listener,listener,listener,listener,speaker,speaker,speaker,speaker,listener,listener,listener,listener,listener,listener,listener,listener,speaker,speaker,speaker,speaker,listener,listener,listener,listener,speaker,speaker,speaker,speaker",Hera,/avatars/jdenticon/Noah,Noah,#A93849,red,setA,1.350000000000001,room1,NqAQeDPXaQh2Xv2KD,speaker,/experiment/tangram_A.png,,
Gsk9wfyztmMMsboDj,,2022-05-25T21:17:03Z,2022-05-25T21:17:03Z,1,"instructions,RedE,RedG,RedF,RedH,RedC,RedD,RedB,RedA,ExitSurvey",2022-05-25T21:48:42Z,finished,,,2022-05-25T21:12:57Z,"/experiment/tangram_H.png,/experiment/tangram_F.png,/experiment/tangram_E.png,/experiment/tangram_G.png","pdcfpzEknd6MZ9Fba,pdcfpzEknd6MZ9Fba,pdcfpzEknd6MZ9Fba,pdcfpzEknd6MZ9Fba,pdcfpzEknd6MZ9Fba,pdcfpzEknd6MZ9Fba,pdcfpzEknd6MZ9Fba,pdcfpzEknd6MZ9Fba,pdcfpzEknd6MZ9Fba,pdcfpzEknd6MZ9Fba,pdcfpzEknd6MZ9Fba,pdcfpzEknd6MZ9Fba,pdcfpzEknd6MZ9Fba,pdcfpzEknd6MZ9Fba,pdcfpzEknd6MZ9Fba,pdcfpzEknd6MZ9Fba,bSPgQvCJa4Bqcqxir,bSPgQvCJa4Bqcqxir,bSPgQvCJa4Bqcqxir,bSPgQvCJa4Bqcqxir,bSPgQvCJa4Bqcqxir,bSPgQvCJa4Bqcqxir,bSPgQvCJa4Bqcqxir,bSPgQvCJa4Bqcqxir,bSPgQvCJa4Bqcqxir,bSPgQvCJa4Bqcqxir,bSPgQvCJa4Bqcqxir,bSPgQvCJa4Bqcqxir,bSPgQvCJa4Bqcqxir,bSPgQvCJa4Bqcqxir,bSPgQvCJa4Bqcqxir,bSPgQvCJa4Bqcqxir,TWuHKQ4ug3ATkxNXt,TWuHKQ4ug3ATkxNXt,TWuHKQ4ug3ATkxNXt,TWuHKQ4ug3ATkxNXt,TWuHKQ4ug3ATkxNXt,TWuHKQ4ug3ATkxNXt,TWuHKQ4ug3ATkxNXt,TWuHKQ4ug3ATkxNXt,TWuHKQ4ug3ATkxNXt,TWuHKQ4ug3ATkxNXt,TWuHKQ4ug3ATkxNXt,TWuHKQ4ug3ATkxNXt,TWuHKQ4ug3ATkxNXt,TWuHKQ4ug3ATkxNXt,TWuHKQ4ug3ATkxNXt,TWuHKQ4ug3ATkxNXt","speaker,speaker,speaker,speaker,listener,listener,listener,listener,speaker,speaker,speaker,speaker,listener,listener,listener,listener,speaker,speaker,speaker,speaker,listener,listener,listener,listener,speaker,speaker,speaker,speaker,listener,listener,listener,listener,speaker,speaker,speaker,speaker,listener,listener,listener,listener,speaker,speaker,speaker,speaker,listener,listener,listener,listener",Repi,/avatars/jdenticon/Aria,Aria,#29828D,red,setB,1.5600000000000012,room0,TWuHKQ4ug3ATkxNXt,listener,/experiment/tangram_E.png,,
bXuH7inc2zA3trvbs,,2022-05-25T21:20:37Z,2022-05-25T21:20:37Z,1,"instructions,RedH,RedG,RedE,RedF,RedC,RedA,RedD,RedB,ExitSurvey",2022-05-25T21:50:53Z,finished,,,2022-05-25T21:13:21Z,"/experiment/tangram_H.png,/experiment/tangram_F.png,/experiment/tangram_E.png,/experiment/tangram_G.png","6ppYmNd9mDPXaR9MZ,6ppYmNd9mDPXaR9MZ,6ppYmNd9mDPXaR9MZ,6ppYmNd9mDPXaR9MZ,6ppYmNd9mDPXaR9MZ,6ppYmNd9mDPXaR9MZ,6ppYmNd9mDPXaR9MZ,6ppYmNd9mDPXaR9MZ,6ppYmNd9mDPXaR9MZ,6ppYmNd9mDPXaR9MZ,6ppYmNd9mDPXaR9MZ,6ppYmNd9mDPXaR9MZ,6ppYmNd9mDPXaR9MZ,6ppYmNd9mDPXaR9MZ,6ppYmNd9mDPXaR9MZ,6ppYmNd9mDPXaR9MZ,6kaMFu6qq8zRYowRw,6kaMFu6qq8zRYowRw,6kaMFu6qq8zRYowRw,6kaMFu6qq8zRYowRw,6kaMFu6qq8zRYowRw,6kaMFu6qq8zRYowRw,6kaMFu6qq8zRYowRw,6kaMFu6qq8zRYowRw,6kaMFu6qq8zRYowRw,6kaMFu6qq8zRYowRw,6kaMFu6qq8zRYowRw,6kaMFu6qq8zRYowRw,6kaMFu6qq8zRYowRw,6kaMFu6qq8zRYowRw,6kaMFu6qq8zRYowRw,6kaMFu6qq8zRYowRw,gwsH5KiNdqjPbxHeh,gwsH5KiNdqjPbxHeh,gwsH5KiNdqjPbxHeh,gwsH5KiNdqjPbxHeh,gwsH5KiNdqjPbxHeh,gwsH5KiNdqjPbxHeh,gwsH5KiNdqjPbxHeh,gwsH5KiNdqjPbxHeh,gwsH5KiNdqjPbxHeh,gwsH5KiNdqjPbxHeh,gwsH5KiNdqjPbxHeh,gwsH5KiNdqjPbxHeh,gwsH5KiNdqjPbxHeh,gwsH5KiNdqjPbxHeh,gwsH5KiNdqjPbxHeh,gwsH5KiNdqjPbxHeh","listener,listener,listener,listener,speaker,speaker,speaker,speaker,listener,listener,listener,listener,speaker,speaker,speaker,speaker,listener,listener,listener,listener,speaker,speaker,speaker,speaker,listener,listener,listener,listener,speaker,speaker,speaker,speaker,speaker,speaker,speaker,speaker,listener,listener,listener,listener,speaker,speaker,speaker,speaker,listener,listener,listener,listener",Laju,/avatars/jdenticon/Kayla,Kayla,#57AEC6,red,setB,1.470000000000001,room1,gwsH5KiNdqjPbxHeh,listener,/experiment/tangram_G.png,,
x7dX2XCn8EkoSLfTq,,2022-05-25T21:17:30Z,2022-05-25T21:17:30Z,1,,2022-05-25T21:20:52Z,custom,,,2022-05-25T21:14:06Z,"/experiment/tangram_F.png,/experiment/tangram_E.png,/experiment/tangram_H.png,/experiment/tangram_G.png","WCFpE5cFDkrKMP8xE,WCFpE5cFDkrKMP8xE,WCFpE5cFDkrKMP8xE,WCFpE5cFDkrKMP8xE,WCFpE5cFDkrKMP8xE,WCFpE5cFDkrKMP8xE,WCFpE5cFDkrKMP8xE,WCFpE5cFDkrKMP8xE,WCFpE5cFDkrKMP8xE,WCFpE5cFDkrKMP8xE,WCFpE5cFDkrKMP8xE,WCFpE5cFDkrKMP8xE,WCFpE5cFDkrKMP8xE,WCFpE5cFDkrKMP8xE,WCFpE5cFDkrKMP8xE,WCFpE5cFDkrKMP8xE,A4vXdkTJfnFf56aPz,A4vXdkTJfnFf56aPz,A4vXdkTJfnFf56aPz,A4vXdkTJfnFf56aPz,A4vXdkTJfnFf56aPz,A4vXdkTJfnFf56aPz,A4vXdkTJfnFf56aPz,A4vXdkTJfnFf56aPz,A4vXdkTJfnFf56aPz,A4vXdkTJfnFf56aPz,A4vXdkTJfnFf56aPz,A4vXdkTJfnFf56aPz,A4vXdkTJfnFf56aPz,A4vXdkTJfnFf56aPz,A4vXdkTJfnFf56aPz,A4vXdkTJfnFf56aPz,xCnxrhjycix5jGXxq,xCnxrhjycix5jGXxq,xCnxrhjycix5jGXxq,xCnxrhjycix5jGXxq,xCnxrhjycix5jGXxq,xCnxrhjycix5jGXxq,xCnxrhjycix5jGXxq,xCnxrhjycix5jGXxq,xCnxrhjycix5jGXxq,xCnxrhjycix5jGXxq,xCnxrhjycix5jGXxq,xCnxrhjycix5jGXxq,xCnxrhjycix5jGXxq,xCnxrhjycix5jGXxq,xCnxrhjycix5jGXxq,xCnxrhjycix5jGXxq","listener,listener,listener,listener,speaker,speaker,speaker,speaker,listener,listener,listener,listener,speaker,speaker,speaker,speaker,listener,listener,listener,listener,speaker,speaker,speaker,speaker,listener,listener,listener,listener,speaker,speaker,speaker,speaker,speaker,speaker,speaker,speaker,listener,listener,listener,listener,speaker,speaker,speaker,speaker,listener,listener,listener,listener",Laju,/avatars/jdenticon/Kayla,Kayla,#57AEC6,blue,setA,0.06,room1,WCFpE5cFDkrKMP8xE,listener,false,146,true
WCFpE5cFDkrKMP8xE,,2022-05-25T21:18:43Z,2022-05-25T21:18:43Z,1,,2022-05-25T21:20:52Z,custom,,,2022-05-25T21:14:52Z,"/experiment/tangram_H.png,/experiment/tangram_G.png,/experiment/tangram_E.png,/experiment/tangram_F.png","x7dX2XCn8EkoSLfTq,x7dX2XCn8EkoSLfTq,x7dX2XCn8EkoSLfTq,x7dX2XCn8EkoSLfTq,x7dX2XCn8EkoSLfTq,x7dX2XCn8EkoSLfTq,x7dX2XCn8EkoSLfTq,x7dX2XCn8EkoSLfTq,x7dX2XCn8EkoSLfTq,x7dX2XCn8EkoSLfTq,x7dX2XCn8EkoSLfTq,x7dX2XCn8EkoSLfTq,x7dX2XCn8EkoSLfTq,x7dX2XCn8EkoSLfTq,x7dX2XCn8EkoSLfTq,x7dX2XCn8EkoSLfTq,xCnxrhjycix5jGXxq,xCnxrhjycix5jGXxq,xCnxrhjycix5jGXxq,xCnxrhjycix5jGXxq,xCnxrhjycix5jGXxq,xCnxrhjycix5jGXxq,xCnxrhjycix5jGXxq,xCnxrhjycix5jGXxq,xCnxrhjycix5jGXxq,xCnxrhjycix5jGXxq,xCnxrhjycix5jGXxq,xCnxrhjycix5jGXxq,xCnxrhjycix5jGXxq,xCnxrhjycix5jGXxq,xCnxrhjycix5jGXxq,xCnxrhjycix5jGXxq,A4vXdkTJfnFf56aPz,A4vXdkTJfnFf56aPz,A4vXdkTJfnFf56aPz,A4vXdkTJfnFf56aPz,A4vXdkTJfnFf56aPz,A4vXdkTJfnFf56aPz,A4vXdkTJfnFf56aPz,A4vXdkTJfnFf56aPz,A4vXdkTJfnFf56aPz,A4vXdkTJfnFf56aPz,A4vXdkTJfnFf56aPz,A4vXdkTJfnFf56aPz,A4vXdkTJfnFf56aPz,A4vXdkTJfnFf56aPz,A4vXdkTJfnFf56aPz,A4vXdkTJfnFf56aPz","speaker,speaker,speaker,speaker,listener,listener,listener,listener,speaker,speaker,speaker,speaker,listener,listener,listener,listener,listener,listener,listener,listener,speaker,speaker,speaker,speaker,listener,listener,listener,listener,speaker,speaker,speaker,speaker,listener,listener,listener,listener,speaker,speaker,speaker,speaker,listener,listener,listener,listener,speaker,speaker,speaker,speaker",Minu,/avatars/jdenticon/Katherine,Katherine,#444EA1,blue,setB,0.06,room1,x7dX2XCn8EkoSLfTq,speaker,false,734,true
6ppYmNd9mDPXaR9MZ,,2022-05-25T21:20:28Z,2022-05-25T21:20:28Z,1,"instructions,RedG,RedF,RedH,RedE,RedB,RedD,RedC,RedA,ExitSurvey",2022-05-25T21:50:53Z,finished,,,2022-05-25T21:14:52Z,"/experiment/tangram_G.png,/experiment/tangram_H.png,/experiment/tangram_F.png,/experiment/tangram_E.png","bXuH7inc2zA3trvbs,bXuH7inc2zA3trvbs,bXuH7inc2zA3trvbs,bXuH7inc2zA3trvbs,bXuH7inc2zA3trvbs,bXuH7inc2zA3trvbs,bXuH7inc2zA3trvbs,bXuH7inc2zA3trvbs,bXuH7inc2zA3trvbs,bXuH7inc2zA3trvbs,bXuH7inc2zA3trvbs,bXuH7inc2zA3trvbs,bXuH7inc2zA3trvbs,bXuH7inc2zA3trvbs,bXuH7inc2zA3trvbs,bXuH7inc2zA3trvbs,gwsH5KiNdqjPbxHeh,gwsH5KiNdqjPbxHeh,gwsH5KiNdqjPbxHeh,gwsH5KiNdqjPbxHeh,gwsH5KiNdqjPbxHeh,gwsH5KiNdqjPbxHeh,gwsH5KiNdqjPbxHeh,gwsH5KiNdqjPbxHeh,gwsH5KiNdqjPbxHeh,gwsH5KiNdqjPbxHeh,gwsH5KiNdqjPbxHeh,gwsH5KiNdqjPbxHeh,gwsH5KiNdqjPbxHeh,gwsH5KiNdqjPbxHeh,gwsH5KiNdqjPbxHeh,gwsH5KiNdqjPbxHeh,6kaMFu6qq8zRYowRw,6kaMFu6qq8zRYowRw,6kaMFu6qq8zRYowRw,6kaMFu6qq8zRYowRw,6kaMFu6qq8zRYowRw,6kaMFu6qq8zRYowRw,6kaMFu6qq8zRYowRw,6kaMFu6qq8zRYowRw,6kaMFu6qq8zRYowRw,6kaMFu6qq8zRYowRw,6kaMFu6qq8zRYowRw,6kaMFu6qq8zRYowRw,6kaMFu6qq8zRYowRw,6kaMFu6qq8zRYowRw,6kaMFu6qq8zRYowRw,6kaMFu6qq8zRYowRw","speaker,speaker,speaker,speaker,listener,listener,listener,listener,speaker,speaker,speaker,speaker,listener,listener,listener,listener,listener,listener,listener,listener,speaker,speaker,speaker,speaker,listener,listener,listener,listener,speaker,speaker,speaker,speaker,listener,listener,listener,listener,speaker,speaker,speaker,speaker,listener,listener,listener,listener,speaker,speaker,speaker,speaker",Minu,/avatars/jdenticon/Katherine,Katherine,#444EA1,red,setB,1.290000000000001,room0,6kaMFu6qq8zRYowRw,speaker,/experiment/tangram_H.png,,
xCnxrhjycix5jGXxq,,2022-05-25T21:18:31Z,2022-05-25T21:18:31Z,1,,2022-05-25T21:20:52Z,custom,,,2022-05-25T21:14:57Z,"/experiment/tangram_G.png,/experiment/tangram_E.png,/experiment/tangram_H.png,/experiment/tangram_F.png","A4vXdkTJfnFf56aPz,A4vXdkTJfnFf56aPz,A4vXdkTJfnFf56aPz,A4vXdkTJfnFf56aPz,A4vXdkTJfnFf56aPz,A4vXdkTJfnFf56aPz,A4vXdkTJfnFf56aPz,A4vXdkTJfnFf56aPz,A4vXdkTJfnFf56aPz,A4vXdkTJfnFf56aPz,A4vXdkTJfnFf56aPz,A4vXdkTJfnFf56aPz,A4vXdkTJfnFf56aPz,A4vXdkTJfnFf56aPz,A4vXdkTJfnFf56aPz,A4vXdkTJfnFf56aPz,WCFpE5cFDkrKMP8xE,WCFpE5cFDkrKMP8xE,WCFpE5cFDkrKMP8xE,WCFpE5cFDkrKMP8xE,WCFpE5cFDkrKMP8xE,WCFpE5cFDkrKMP8xE,WCFpE5cFDkrKMP8xE,WCFpE5cFDkrKMP8xE,WCFpE5cFDkrKMP8xE,WCFpE5cFDkrKMP8xE,WCFpE5cFDkrKMP8xE,WCFpE5cFDkrKMP8xE,WCFpE5cFDkrKMP8xE,WCFpE5cFDkrKMP8xE,WCFpE5cFDkrKMP8xE,WCFpE5cFDkrKMP8xE,x7dX2XCn8EkoSLfTq,x7dX2XCn8EkoSLfTq,x7dX2XCn8EkoSLfTq,x7dX2XCn8EkoSLfTq,x7dX2XCn8EkoSLfTq,x7dX2XCn8EkoSLfTq,x7dX2XCn8EkoSLfTq,x7dX2XCn8EkoSLfTq,x7dX2XCn8EkoSLfTq,x7dX2XCn8EkoSLfTq,x7dX2XCn8EkoSLfTq,x7dX2XCn8EkoSLfTq,x7dX2XCn8EkoSLfTq,x7dX2XCn8EkoSLfTq,x7dX2XCn8EkoSLfTq,x7dX2XCn8EkoSLfTq","listener,listener,listener,listener,speaker,speaker,speaker,speaker,listener,listener,listener,listener,speaker,speaker,speaker,speaker,speaker,speaker,speaker,speaker,listener,listener,listener,listener,speaker,speaker,speaker,speaker,listener,listener,listener,listener,listener,listener,listener,listener,speaker,speaker,speaker,speaker,listener,listener,listener,listener,speaker,speaker,speaker,speaker",Hera,/avatars/jdenticon/Oliver,Oliver,#5792C8,blue,setB,0,room0,A4vXdkTJfnFf56aPz,listener,false,352,true
9qPcJp2cckCC9YqWC,,2022-05-25T21:21:36Z,2022-05-25T21:21:36Z,1,,,,,,2022-05-25T21:15:33Z,,,,,,,,,,,,,,,,
A4vXdkTJfnFf56aPz,,2022-05-25T21:19:07Z,2022-05-25T21:19:07Z,1,,2022-05-25T21:21:03Z,custom,,,2022-05-25T21:16:27Z,"/experiment/tangram_H.png,/experiment/tangram_F.png,/experiment/tangram_E.png,/experiment/tangram_G.png","xCnxrhjycix5jGXxq,xCnxrhjycix5jGXxq,xCnxrhjycix5jGXxq,xCnxrhjycix5jGXxq,xCnxrhjycix5jGXxq,xCnxrhjycix5jGXxq,xCnxrhjycix5jGXxq,xCnxrhjycix5jGXxq,xCnxrhjycix5jGXxq,xCnxrhjycix5jGXxq,xCnxrhjycix5jGXxq,xCnxrhjycix5jGXxq,xCnxrhjycix5jGXxq,xCnxrhjycix5jGXxq,xCnxrhjycix5jGXxq,xCnxrhjycix5jGXxq,x7dX2XCn8EkoSLfTq,x7dX2XCn8EkoSLfTq,x7dX2XCn8EkoSLfTq,x7dX2XCn8EkoSLfTq,x7dX2XCn8EkoSLfTq,x7dX2XCn8EkoSLfTq,x7dX2XCn8EkoSLfTq,x7dX2XCn8EkoSLfTq,x7dX2XCn8EkoSLfTq,x7dX2XCn8EkoSLfTq,x7dX2XCn8EkoSLfTq,x7dX2XCn8EkoSLfTq,x7dX2XCn8EkoSLfTq,x7dX2XCn8EkoSLfTq,x7dX2XCn8EkoSLfTq,x7dX2XCn8EkoSLfTq,WCFpE5cFDkrKMP8xE,WCFpE5cFDkrKMP8xE,WCFpE5cFDkrKMP8xE,WCFpE5cFDkrKMP8xE,WCFpE5cFDkrKMP8xE,WCFpE5cFDkrKMP8xE,WCFpE5cFDkrKMP8xE,WCFpE5cFDkrKMP8xE,WCFpE5cFDkrKMP8xE,WCFpE5cFDkrKMP8xE,WCFpE5cFDkrKMP8xE,WCFpE5cFDkrKMP8xE,WCFpE5cFDkrKMP8xE,WCFpE5cFDkrKMP8xE,WCFpE5cFDkrKMP8xE,WCFpE5cFDkrKMP8xE","speaker,speaker,speaker,speaker,listener,listener,listener,listener,speaker,speaker,speaker,speaker,listener,listener,listener,listener,speaker,speaker,speaker,speaker,listener,listener,listener,listener,speaker,speaker,speaker,speaker,listener,listener,listener,listener,speaker,speaker,speaker,speaker,listener,listener,listener,listener,speaker,speaker,speaker,speaker,listener,listener,listener,listener",Repi,/avatars/jdenticon/Aria,Aria,#29828D,red,setB,0,room0,xCnxrhjycix5jGXxq,speaker,false,173,true
P8wJhzjbQnXMPXcC7,,2022-05-25T21:23:18Z,2022-05-25T21:23:18Z,1,,,,,,2022-05-25T21:16:29Z,,,,,,,,,,,,,,,,
6kaMFu6qq8zRYowRw,,2022-05-25T21:19:31Z,2022-05-25T21:19:31Z,1,"instructions,RedB,RedA,RedD,RedC,RedF,RedE,RedG,RedH,ExitSurvey",2022-05-25T21:50:53Z,finished,,,2022-05-25T21:16:43Z,"/experiment/tangram_H.png,/experiment/tangram_E.png,/experiment/tangram_G.png,/experiment/tangram_F.png","gwsH5KiNdqjPbxHeh,gwsH5KiNdqjPbxHeh,gwsH5KiNdqjPbxHeh,gwsH5KiNdqjPbxHeh,gwsH5KiNdqjPbxHeh,gwsH5KiNdqjPbxHeh,gwsH5KiNdqjPbxHeh,gwsH5KiNdqjPbxHeh,gwsH5KiNdqjPbxHeh,gwsH5KiNdqjPbxHeh,gwsH5KiNdqjPbxHeh,gwsH5KiNdqjPbxHeh,gwsH5KiNdqjPbxHeh,gwsH5KiNdqjPbxHeh,gwsH5KiNdqjPbxHeh,gwsH5KiNdqjPbxHeh,bXuH7inc2zA3trvbs,bXuH7inc2zA3trvbs,bXuH7inc2zA3trvbs,bXuH7inc2zA3trvbs,bXuH7inc2zA3trvbs,bXuH7inc2zA3trvbs,bXuH7inc2zA3trvbs,bXuH7inc2zA3trvbs,bXuH7inc2zA3trvbs,bXuH7inc2zA3trvbs,bXuH7inc2zA3trvbs,bXuH7inc2zA3trvbs,bXuH7inc2zA3trvbs,bXuH7inc2zA3trvbs,bXuH7inc2zA3trvbs,bXuH7inc2zA3trvbs,6ppYmNd9mDPXaR9MZ,6ppYmNd9mDPXaR9MZ,6ppYmNd9mDPXaR9MZ,6ppYmNd9mDPXaR9MZ,6ppYmNd9mDPXaR9MZ,6ppYmNd9mDPXaR9MZ,6ppYmNd9mDPXaR9MZ,6ppYmNd9mDPXaR9MZ,6ppYmNd9mDPXaR9MZ,6ppYmNd9mDPXaR9MZ,6ppYmNd9mDPXaR9MZ,6ppYmNd9mDPXaR9MZ,6ppYmNd9mDPXaR9MZ,6ppYmNd9mDPXaR9MZ,6ppYmNd9mDPXaR9MZ,6ppYmNd9mDPXaR9MZ","speaker,speaker,speaker,speaker,listener,listener,listener,listener,speaker,speaker,speaker,speaker,listener,listener,listener,listener,speaker,speaker,speaker,speaker,listener,listener,listener,listener,speaker,speaker,speaker,speaker,listener,listener,listener,listener,speaker,speaker,speaker,speaker,listener,listener,listener,listener,speaker,speaker,speaker,speaker,listener,listener,listener,listener",Repi,/avatars/jdenticon/Aria,Aria,#29828D,red,setA,1.6500000000000012,room0,6ppYmNd9mDPXaR9MZ,listener,/experiment/tangram_H.png,,
NpAsM3G4JrxyjkMtu,,,,,,,,,,2022-05-25T21:16:58Z,,,,,,,,,,,,,,,,
NqAQeDPXaQh2Xv2KD,,2022-05-25T21:19:25Z,2022-05-25T21:19:25Z,1,"instructions,RedD,RedB,RedA,RedC,RedF,RedH,RedG,RedE,ExitSurvey",2022-05-25T21:59:09Z,finished,,,2022-05-25T21:17:05Z,"/experiment/tangram_B.png,/experiment/tangram_D.png,/experiment/tangram_C.png,/experiment/tangram_A.png","NWBxYqkdH4xSzDiw9,NWBxYqkdH4xSzDiw9,NWBxYqkdH4xSzDiw9,NWBxYqkdH4xSzDiw9,NWBxYqkdH4xSzDiw9,NWBxYqkdH4xSzDiw9,NWBxYqkdH4xSzDiw9,NWBxYqkdH4xSzDiw9,NWBxYqkdH4xSzDiw9,NWBxYqkdH4xSzDiw9,NWBxYqkdH4xSzDiw9,NWBxYqkdH4xSzDiw9,NWBxYqkdH4xSzDiw9,NWBxYqkdH4xSzDiw9,NWBxYqkdH4xSzDiw9,NWBxYqkdH4xSzDiw9,8YFWjNuom6bt9tfJG,8YFWjNuom6bt9tfJG,8YFWjNuom6bt9tfJG,8YFWjNuom6bt9tfJG,8YFWjNuom6bt9tfJG,8YFWjNuom6bt9tfJG,8YFWjNuom6bt9tfJG,8YFWjNuom6bt9tfJG,8YFWjNuom6bt9tfJG,8YFWjNuom6bt9tfJG,8YFWjNuom6bt9tfJG,8YFWjNuom6bt9tfJG,8YFWjNuom6bt9tfJG,8YFWjNuom6bt9tfJG,8YFWjNuom6bt9tfJG,8YFWjNuom6bt9tfJG,W4MQ5woSyJjCuAE5G,W4MQ5woSyJjCuAE5G,W4MQ5woSyJjCuAE5G,W4MQ5woSyJjCuAE5G,W4MQ5woSyJjCuAE5G,W4MQ5woSyJjCuAE5G,W4MQ5woSyJjCuAE5G,W4MQ5woSyJjCuAE5G,W4MQ5woSyJjCuAE5G,W4MQ5woSyJjCuAE5G,W4MQ5woSyJjCuAE5G,W4MQ5woSyJjCuAE5G,W4MQ5woSyJjCuAE5G,W4MQ5woSyJjCuAE5G,W4MQ5woSyJjCuAE5G,W4MQ5woSyJjCuAE5G","listener,listener,listener,listener,speaker,speaker,speaker,speaker,listener,listener,listener,listener,speaker,speaker,speaker,speaker,listener,listener,listener,listener,speaker,speaker,speaker,speaker,listener,listener,listener,listener,speaker,speaker,speaker,speaker,speaker,speaker,speaker,speaker,listener,listener,listener,listener,speaker,speaker,speaker,speaker,listener,listener,listener,listener",Laju,/avatars/jdenticon/Cole,Cole,#A9385B,red,setA,1.350000000000001,room1,W4MQ5woSyJjCuAE5G,listener,/experiment/tangram_A.png,,
Zvis4zQYCcmj9WPAS,,2022-05-25T21:22:34Z,2022-05-25T21:22:34Z,1,"instructions,blueD,blueB,blueC,blueA,blueF,blueE,blueG,blueH,ExitSurvey",2022-05-25T21:55:52Z,finished,,,2022-05-25T21:17:40Z,"/experiment/tangram_F.png,/experiment/tangram_H.png,/experiment/tangram_G.png,/experiment/tangram_E.png","3po2pCre5CgtX7euo,3po2pCre5CgtX7euo,3po2pCre5CgtX7euo,3po2pCre5CgtX7euo,3po2pCre5CgtX7euo,3po2pCre5CgtX7euo,3po2pCre5CgtX7euo,3po2pCre5CgtX7euo,3po2pCre5CgtX7euo,3po2pCre5CgtX7euo,3po2pCre5CgtX7euo,3po2pCre5CgtX7euo,3po2pCre5CgtX7euo,3po2pCre5CgtX7euo,3po2pCre5CgtX7euo,3po2pCre5CgtX7euo,3cNdpmDp6YkmE9HPv,3cNdpmDp6YkmE9HPv,3cNdpmDp6YkmE9HPv,3cNdpmDp6YkmE9HPv,3cNdpmDp6YkmE9HPv,3cNdpmDp6YkmE9HPv,3cNdpmDp6YkmE9HPv,3cNdpmDp6YkmE9HPv,3cNdpmDp6YkmE9HPv,3cNdpmDp6YkmE9HPv,3cNdpmDp6YkmE9HPv,3cNdpmDp6YkmE9HPv,3cNdpmDp6YkmE9HPv,3cNdpmDp6YkmE9HPv,3cNdpmDp6YkmE9HPv,3cNdpmDp6YkmE9HPv,avSXPP4tF6v6Z3hAq,avSXPP4tF6v6Z3hAq,avSXPP4tF6v6Z3hAq,avSXPP4tF6v6Z3hAq,avSXPP4tF6v6Z3hAq,avSXPP4tF6v6Z3hAq,avSXPP4tF6v6Z3hAq,avSXPP4tF6v6Z3hAq,avSXPP4tF6v6Z3hAq,avSXPP4tF6v6Z3hAq,avSXPP4tF6v6Z3hAq,avSXPP4tF6v6Z3hAq,avSXPP4tF6v6Z3hAq,avSXPP4tF6v6Z3hAq,avSXPP4tF6v6Z3hAq,avSXPP4tF6v6Z3hAq","listener,listener,listener,listener,speaker,speaker,speaker,speaker,listener,listener,listener,listener,speaker,speaker,speaker,speaker,listener,listener,listener,listener,speaker,speaker,speaker,speaker,listener,listener,listener,listener,speaker,speaker,speaker,speaker,speaker,speaker,speaker,speaker,listener,listener,listener,listener,speaker,speaker,speaker,speaker,listener,listener,listener,listener",Laju,/avatars/jdenticon/Cole,Cole,#A9385B,blue,setA,1.320000000000001,room1,avSXPP4tF6v6Z3hAq,listener,/experiment/tangram_G.png,,
3po2pCre5CgtX7euo,,2022-05-25T21:24:20Z,2022-05-25T21:24:20Z,1,"instructions,blueE,blueF,blueG,blueH,blueA,blueC,blueD,blueB,ExitSurvey",2022-05-25T21:55:52Z,finished,,,2022-05-25T21:17:52Z,"/experiment/tangram_H.png,/experiment/tangram_E.png,/experiment/tangram_F.png,/experiment/tangram_G.png","Zvis4zQYCcmj9WPAS,Zvis4zQYCcmj9WPAS,Zvis4zQYCcmj9WPAS,Zvis4zQYCcmj9WPAS,Zvis4zQYCcmj9WPAS,Zvis4zQYCcmj9WPAS,Zvis4zQYCcmj9WPAS,Zvis4zQYCcmj9WPAS,Zvis4zQYCcmj9WPAS,Zvis4zQYCcmj9WPAS,Zvis4zQYCcmj9WPAS,Zvis4zQYCcmj9WPAS,Zvis4zQYCcmj9WPAS,Zvis4zQYCcmj9WPAS,Zvis4zQYCcmj9WPAS,Zvis4zQYCcmj9WPAS,avSXPP4tF6v6Z3hAq,avSXPP4tF6v6Z3hAq,avSXPP4tF6v6Z3hAq,avSXPP4tF6v6Z3hAq,avSXPP4tF6v6Z3hAq,avSXPP4tF6v6Z3hAq,avSXPP4tF6v6Z3hAq,avSXPP4tF6v6Z3hAq,avSXPP4tF6v6Z3hAq,avSXPP4tF6v6Z3hAq,avSXPP4tF6v6Z3hAq,avSXPP4tF6v6Z3hAq,avSXPP4tF6v6Z3hAq,avSXPP4tF6v6Z3hAq,avSXPP4tF6v6Z3hAq,avSXPP4tF6v6Z3hAq,3cNdpmDp6YkmE9HPv,3cNdpmDp6YkmE9HPv,3cNdpmDp6YkmE9HPv,3cNdpmDp6YkmE9HPv,3cNdpmDp6YkmE9HPv,3cNdpmDp6YkmE9HPv,3cNdpmDp6YkmE9HPv,3cNdpmDp6YkmE9HPv,3cNdpmDp6YkmE9HPv,3cNdpmDp6YkmE9HPv,3cNdpmDp6YkmE9HPv,3cNdpmDp6YkmE9HPv,3cNdpmDp6YkmE9HPv,3cNdpmDp6YkmE9HPv,3cNdpmDp6YkmE9HPv,3cNdpmDp6YkmE9HPv","speaker,speaker,speaker,speaker,listener,listener,listener,listener,speaker,speaker,speaker,speaker,listener,listener,listener,listener,listener,listener,listener,listener,speaker,speaker,speaker,speaker,listener,listener,listener,listener,speaker,speaker,speaker,speaker,listener,listener,listener,listener,speaker,speaker,speaker,speaker,listener,listener,listener,listener,speaker,speaker,speaker,speaker",Minu,/avatars/jdenticon/Alexandra,Alexandra,#D075A7,blue,setB,1.350000000000001,room0,3cNdpmDp6YkmE9HPv,speaker,/experiment/tangram_E.png,,
SHbgxdZByJ5zKdzsN,,2022-05-25T21:21:05Z,2022-05-25T21:21:05Z,1,,2022-05-25T21:27:05Z,custom,,,2022-05-25T21:17:58Z,"/experiment/tangram_A.png,/experiment/tangram_D.png,/experiment/tangram_B.png,/experiment/tangram_C.png","YbNxtmiRbJXTs2LrL,YbNxtmiRbJXTs2LrL,YbNxtmiRbJXTs2LrL,YbNxtmiRbJXTs2LrL,YbNxtmiRbJXTs2LrL,YbNxtmiRbJXTs2LrL,YbNxtmiRbJXTs2LrL,YbNxtmiRbJXTs2LrL,YbNxtmiRbJXTs2LrL,YbNxtmiRbJXTs2LrL,YbNxtmiRbJXTs2LrL,YbNxtmiRbJXTs2LrL,YbNxtmiRbJXTs2LrL,YbNxtmiRbJXTs2LrL,YbNxtmiRbJXTs2LrL,YbNxtmiRbJXTs2LrL,mwnCYbiaYqXevrLMG,mwnCYbiaYqXevrLMG,mwnCYbiaYqXevrLMG,mwnCYbiaYqXevrLMG,mwnCYbiaYqXevrLMG,mwnCYbiaYqXevrLMG,mwnCYbiaYqXevrLMG,mwnCYbiaYqXevrLMG,mwnCYbiaYqXevrLMG,mwnCYbiaYqXevrLMG,mwnCYbiaYqXevrLMG,mwnCYbiaYqXevrLMG,mwnCYbiaYqXevrLMG,mwnCYbiaYqXevrLMG,mwnCYbiaYqXevrLMG,mwnCYbiaYqXevrLMG,Lh8xvM6SCfrxXj6wN,Lh8xvM6SCfrxXj6wN,Lh8xvM6SCfrxXj6wN,Lh8xvM6SCfrxXj6wN,Lh8xvM6SCfrxXj6wN,Lh8xvM6SCfrxXj6wN,Lh8xvM6SCfrxXj6wN,Lh8xvM6SCfrxXj6wN,Lh8xvM6SCfrxXj6wN,Lh8xvM6SCfrxXj6wN,Lh8xvM6SCfrxXj6wN,Lh8xvM6SCfrxXj6wN,Lh8xvM6SCfrxXj6wN,Lh8xvM6SCfrxXj6wN,Lh8xvM6SCfrxXj6wN,Lh8xvM6SCfrxXj6wN","speaker,speaker,speaker,speaker,listener,listener,listener,listener,speaker,speaker,speaker,speaker,listener,listener,listener,listener,listener,listener,listener,listener,speaker,speaker,speaker,speaker,listener,listener,listener,listener,speaker,speaker,speaker,speaker,listener,listener,listener,listener,speaker,speaker,speaker,speaker,listener,listener,listener,listener,speaker,speaker,speaker,speaker",Minu,/avatars/jdenticon/Katherine,Katherine,#444EA1,blue,setB,0,room1,YbNxtmiRbJXTs2LrL,speaker,false,164,true
YbNxtmiRbJXTs2LrL,,2022-05-25T21:23:12Z,2022-05-25T21:23:12Z,1,,2022-05-25T21:27:05Z,custom,,,2022-05-25T21:18:07Z,"/experiment/tangram_D.png,/experiment/tangram_C.png,/experiment/tangram_A.png,/experiment/tangram_B.png","SHbgxdZByJ5zKdzsN,SHbgxdZByJ5zKdzsN,SHbgxdZByJ5zKdzsN,SHbgxdZByJ5zKdzsN,SHbgxdZByJ5zKdzsN,SHbgxdZByJ5zKdzsN,SHbgxdZByJ5zKdzsN,SHbgxdZByJ5zKdzsN,SHbgxdZByJ5zKdzsN,SHbgxdZByJ5zKdzsN,SHbgxdZByJ5zKdzsN,SHbgxdZByJ5zKdzsN,SHbgxdZByJ5zKdzsN,SHbgxdZByJ5zKdzsN,SHbgxdZByJ5zKdzsN,SHbgxdZByJ5zKdzsN,Lh8xvM6SCfrxXj6wN,Lh8xvM6SCfrxXj6wN,Lh8xvM6SCfrxXj6wN,Lh8xvM6SCfrxXj6wN,Lh8xvM6SCfrxXj6wN,Lh8xvM6SCfrxXj6wN,Lh8xvM6SCfrxXj6wN,Lh8xvM6SCfrxXj6wN,Lh8xvM6SCfrxXj6wN,Lh8xvM6SCfrxXj6wN,Lh8xvM6SCfrxXj6wN,Lh8xvM6SCfrxXj6wN,Lh8xvM6SCfrxXj6wN,Lh8xvM6SCfrxXj6wN,Lh8xvM6SCfrxXj6wN,Lh8xvM6SCfrxXj6wN,mwnCYbiaYqXevrLMG,mwnCYbiaYqXevrLMG,mwnCYbiaYqXevrLMG,mwnCYbiaYqXevrLMG,mwnCYbiaYqXevrLMG,mwnCYbiaYqXevrLMG,mwnCYbiaYqXevrLMG,mwnCYbiaYqXevrLMG,mwnCYbiaYqXevrLMG,mwnCYbiaYqXevrLMG,mwnCYbiaYqXevrLMG,mwnCYbiaYqXevrLMG,mwnCYbiaYqXevrLMG,mwnCYbiaYqXevrLMG,mwnCYbiaYqXevrLMG,mwnCYbiaYqXevrLMG","listener,listener,listener,listener,speaker,speaker,speaker,speaker,listener,listener,listener,listener,speaker,speaker,speaker,speaker,listener,listener,listener,listener,speaker,speaker,speaker,speaker,listener,listener,listener,listener,speaker,speaker,speaker,speaker,speaker,speaker,speaker,speaker,listener,listener,listener,listener,speaker,speaker,speaker,speaker,listener,listener,listener,listener",Laju,/avatars/jdenticon/Kayla,Kayla,#57AEC6,red,setB,0,room1,SHbgxdZByJ5zKdzsN,listener,false,1993,true
avSXPP4tF6v6Z3hAq,,2022-05-25T21:21:26Z,2022-05-25T21:21:26Z,1,"instructions,blueA,blueC,blueD,blueB,blueH,blueG,blueF,blueE,ExitSurvey",2022-05-25T21:55:52Z,finished,,,2022-05-25T21:18:14Z,"/experiment/tangram_F.png,/experiment/tangram_H.png,/experiment/tangram_G.png,/experiment/tangram_E.png","3cNdpmDp6YkmE9HPv,3cNdpmDp6YkmE9HPv,3cNdpmDp6YkmE9HPv,3cNdpmDp6YkmE9HPv,3cNdpmDp6YkmE9HPv,3cNdpmDp6YkmE9HPv,3cNdpmDp6YkmE9HPv,3cNdpmDp6YkmE9HPv,3cNdpmDp6YkmE9HPv,3cNdpmDp6YkmE9HPv,3cNdpmDp6YkmE9HPv,3cNdpmDp6YkmE9HPv,3cNdpmDp6YkmE9HPv,3cNdpmDp6YkmE9HPv,3cNdpmDp6YkmE9HPv,3cNdpmDp6YkmE9HPv,3po2pCre5CgtX7euo,3po2pCre5CgtX7euo,3po2pCre5CgtX7euo,3po2pCre5CgtX7euo,3po2pCre5CgtX7euo,3po2pCre5CgtX7euo,3po2pCre5CgtX7euo,3po2pCre5CgtX7euo,3po2pCre5CgtX7euo,3po2pCre5CgtX7euo,3po2pCre5CgtX7euo,3po2pCre5CgtX7euo,3po2pCre5CgtX7euo,3po2pCre5CgtX7euo,3po2pCre5CgtX7euo,3po2pCre5CgtX7euo,Zvis4zQYCcmj9WPAS,Zvis4zQYCcmj9WPAS,Zvis4zQYCcmj9WPAS,Zvis4zQYCcmj9WPAS,Zvis4zQYCcmj9WPAS,Zvis4zQYCcmj9WPAS,Zvis4zQYCcmj9WPAS,Zvis4zQYCcmj9WPAS,Zvis4zQYCcmj9WPAS,Zvis4zQYCcmj9WPAS,Zvis4zQYCcmj9WPAS,Zvis4zQYCcmj9WPAS,Zvis4zQYCcmj9WPAS,Zvis4zQYCcmj9WPAS,Zvis4zQYCcmj9WPAS,Zvis4zQYCcmj9WPAS","listener,listener,listener,listener,speaker,speaker,speaker,speaker,listener,listener,listener,listener,speaker,speaker,speaker,speaker,speaker,speaker,speaker,speaker,listener,listener,listener,listener,speaker,speaker,speaker,speaker,listener,listener,listener,listener,listener,listener,listener,listener,speaker,speaker,speaker,speaker,listener,listener,listener,listener,speaker,speaker,speaker,speaker",Hera,/avatars/jdenticon/Noah,Noah,#A93849,blue,setA,1.6800000000000013,room1,Zvis4zQYCcmj9WPAS,speaker,/experiment/tangram_G.png,,
HFEedvPnjZqxGtrv9,,,,,,,,,,2022-05-25T21:19:00Z,,,,,,,,,,,,,,,,
mwnCYbiaYqXevrLMG,,2022-05-25T21:23:50Z,2022-05-25T21:23:50Z,1,,2022-05-25T21:27:05Z,custom,,,2022-05-25T21:19:21Z,"/experiment/tangram_A.png,/experiment/tangram_B.png,/experiment/tangram_D.png,/experiment/tangram_C.png","Lh8xvM6SCfrxXj6wN,Lh8xvM6SCfrxXj6wN,Lh8xvM6SCfrxXj6wN,Lh8xvM6SCfrxXj6wN,Lh8xvM6SCfrxXj6wN,Lh8xvM6SCfrxXj6wN,Lh8xvM6SCfrxXj6wN,Lh8xvM6SCfrxXj6wN,Lh8xvM6SCfrxXj6wN,Lh8xvM6SCfrxXj6wN,Lh8xvM6SCfrxXj6wN,Lh8xvM6SCfrxXj6wN,Lh8xvM6SCfrxXj6wN,Lh8xvM6SCfrxXj6wN,Lh8xvM6SCfrxXj6wN,Lh8xvM6SCfrxXj6wN,SHbgxdZByJ5zKdzsN,SHbgxdZByJ5zKdzsN,SHbgxdZByJ5zKdzsN,SHbgxdZByJ5zKdzsN,SHbgxdZByJ5zKdzsN,SHbgxdZByJ5zKdzsN,SHbgxdZByJ5zKdzsN,SHbgxdZByJ5zKdzsN,SHbgxdZByJ5zKdzsN,SHbgxdZByJ5zKdzsN,SHbgxdZByJ5zKdzsN,SHbgxdZByJ5zKdzsN,SHbgxdZByJ5zKdzsN,SHbgxdZByJ5zKdzsN,SHbgxdZByJ5zKdzsN,SHbgxdZByJ5zKdzsN,YbNxtmiRbJXTs2LrL,YbNxtmiRbJXTs2LrL,YbNxtmiRbJXTs2LrL,YbNxtmiRbJXTs2LrL,YbNxtmiRbJXTs2LrL,YbNxtmiRbJXTs2LrL,YbNxtmiRbJXTs2LrL,YbNxtmiRbJXTs2LrL,YbNxtmiRbJXTs2LrL,YbNxtmiRbJXTs2LrL,YbNxtmiRbJXTs2LrL,YbNxtmiRbJXTs2LrL,YbNxtmiRbJXTs2LrL,YbNxtmiRbJXTs2LrL,YbNxtmiRbJXTs2LrL,YbNxtmiRbJXTs2LrL","listener,listener,listener,listener,speaker,speaker,speaker,speaker,listener,listener,listener,listener,speaker,speaker,speaker,speaker,speaker,speaker,speaker,speaker,listener,listener,listener,listener,speaker,speaker,speaker,speaker,listener,listener,listener,listener,listener,listener,listener,listener,speaker,speaker,speaker,speaker,listener,listener,listener,listener,speaker,speaker,speaker,speaker",Hera,/avatars/jdenticon/Oliver,Oliver,#5792C8,blue,setA,0,room0,Lh8xvM6SCfrxXj6wN,listener,/experiment/tangram_A.png,1023,true
3cNdpmDp6YkmE9HPv,,2022-05-25T21:23:57Z,2022-05-25T21:23:57Z,1,"instructions,RedA,RedD,RedB,RedC,RedE,RedF,RedG,RedH,ExitSurvey",2022-05-25T21:55:52Z,finished,,,2022-05-25T21:20:22Z,"/experiment/tangram_F.png,/experiment/tangram_E.png,/experiment/tangram_G.png,/experiment/tangram_H.png","avSXPP4tF6v6Z3hAq,avSXPP4tF6v6Z3hAq,avSXPP4tF6v6Z3hAq,avSXPP4tF6v6Z3hAq,avSXPP4tF6v6Z3hAq,avSXPP4tF6v6Z3hAq,avSXPP4tF6v6Z3hAq,avSXPP4tF6v6Z3hAq,avSXPP4tF6v6Z3hAq,avSXPP4tF6v6Z3hAq,avSXPP4tF6v6Z3hAq,avSXPP4tF6v6Z3hAq,avSXPP4tF6v6Z3hAq,avSXPP4tF6v6Z3hAq,avSXPP4tF6v6Z3hAq,avSXPP4tF6v6Z3hAq,Zvis4zQYCcmj9WPAS,Zvis4zQYCcmj9WPAS,Zvis4zQYCcmj9WPAS,Zvis4zQYCcmj9WPAS,Zvis4zQYCcmj9WPAS,Zvis4zQYCcmj9WPAS,Zvis4zQYCcmj9WPAS,Zvis4zQYCcmj9WPAS,Zvis4zQYCcmj9WPAS,Zvis4zQYCcmj9WPAS,Zvis4zQYCcmj9WPAS,Zvis4zQYCcmj9WPAS,Zvis4zQYCcmj9WPAS,Zvis4zQYCcmj9WPAS,Zvis4zQYCcmj9WPAS,Zvis4zQYCcmj9WPAS,3po2pCre5CgtX7euo,3po2pCre5CgtX7euo,3po2pCre5CgtX7euo,3po2pCre5CgtX7euo,3po2pCre5CgtX7euo,3po2pCre5CgtX7euo,3po2pCre5CgtX7euo,3po2pCre5CgtX7euo,3po2pCre5CgtX7euo,3po2pCre5CgtX7euo,3po2pCre5CgtX7euo,3po2pCre5CgtX7euo,3po2pCre5CgtX7euo,3po2pCre5CgtX7euo,3po2pCre5CgtX7euo,3po2pCre5CgtX7euo","speaker,speaker,speaker,speaker,listener,listener,listener,listener,speaker,speaker,speaker,speaker,listener,listener,listener,listener,speaker,speaker,speaker,speaker,listener,listener,listener,listener,speaker,speaker,speaker,speaker,listener,listener,listener,listener,speaker,speaker,speaker,speaker,listener,listener,listener,listener,speaker,speaker,speaker,speaker,listener,listener,listener,listener",Repi,/avatars/jdenticon/Kaylee,Kaylee,#A93F39,red,setA,1.2300000000000009,room0,3po2pCre5CgtX7euo,listener,/experiment/tangram_E.png,,
Lh8xvM6SCfrxXj6wN,,2022-05-25T21:23:30Z,2022-05-25T21:23:30Z,1,,2022-05-25T21:27:05Z,custom,,,2022-05-25T21:20:35Z,"/experiment/tangram_A.png,/experiment/tangram_B.png,/experiment/tangram_D.png,/experiment/tangram_C.png","mwnCYbiaYqXevrLMG,mwnCYbiaYqXevrLMG,mwnCYbiaYqXevrLMG,mwnCYbiaYqXevrLMG,mwnCYbiaYqXevrLMG,mwnCYbiaYqXevrLMG,mwnCYbiaYqXevrLMG,mwnCYbiaYqXevrLMG,mwnCYbiaYqXevrLMG,mwnCYbiaYqXevrLMG,mwnCYbiaYqXevrLMG,mwnCYbiaYqXevrLMG,mwnCYbiaYqXevrLMG,mwnCYbiaYqXevrLMG,mwnCYbiaYqXevrLMG,mwnCYbiaYqXevrLMG,YbNxtmiRbJXTs2LrL,YbNxtmiRbJXTs2LrL,YbNxtmiRbJXTs2LrL,YbNxtmiRbJXTs2LrL,YbNxtmiRbJXTs2LrL,YbNxtmiRbJXTs2LrL,YbNxtmiRbJXTs2LrL,YbNxtmiRbJXTs2LrL,YbNxtmiRbJXTs2LrL,YbNxtmiRbJXTs2LrL,YbNxtmiRbJXTs2LrL,YbNxtmiRbJXTs2LrL,YbNxtmiRbJXTs2LrL,YbNxtmiRbJXTs2LrL,YbNxtmiRbJXTs2LrL,YbNxtmiRbJXTs2LrL,SHbgxdZByJ5zKdzsN,SHbgxdZByJ5zKdzsN,SHbgxdZByJ5zKdzsN,SHbgxdZByJ5zKdzsN,SHbgxdZByJ5zKdzsN,SHbgxdZByJ5zKdzsN,SHbgxdZByJ5zKdzsN,SHbgxdZByJ5zKdzsN,SHbgxdZByJ5zKdzsN,SHbgxdZByJ5zKdzsN,SHbgxdZByJ5zKdzsN,SHbgxdZByJ5zKdzsN,SHbgxdZByJ5zKdzsN,SHbgxdZByJ5zKdzsN,SHbgxdZByJ5zKdzsN,SHbgxdZByJ5zKdzsN","speaker,speaker,speaker,speaker,listener,listener,listener,listener,speaker,speaker,speaker,speaker,listener,listener,listener,listener,speaker,speaker,speaker,speaker,listener,listener,listener,listener,speaker,speaker,speaker,speaker,listener,listener,listener,listener,speaker,speaker,speaker,speaker,listener,listener,listener,listener,speaker,speaker,speaker,speaker,listener,listener,listener,listener",Repi,/avatars/jdenticon/Aria,Aria,#29828D,red,setB,0,room0,mwnCYbiaYqXevrLMG,speaker,/experiment/tangram_A.png,2065,true
br9eXDkSdwDfLrZZM,,2022-05-25T21:27:22Z,2022-05-25T21:27:22Z,1,,,,,,2022-05-25T21:21:31Z,,,,,,,,,,,,,,,,
RrSmPG3HekXR2cS3S,,2022-05-25T21:28:44Z,2022-05-25T21:28:44Z,1,,,,,,2022-05-25T21:22:17Z,,,,,,,,,,,,,,,,
TSd8P242WFDSccgAD,,2022-05-25T21:27:28Z,2022-05-25T21:27:28Z,1,,,,,,2022-05-25T21:24:07Z,,,,,,,,,,,,,,,,
8YFWjNuom6bt9tfJG,,2022-05-25T21:31:07Z,2022-05-25T21:31:07Z,1,"instructions,blueG,blueH,blueE,blueF,blueC,blueA,blueB,blueD,ExitSurvey",2022-05-25T21:59:09Z,finished,,,2022-05-25T21:26:32Z,"/experiment/tangram_B.png,/experiment/tangram_D.png,/experiment/tangram_A.png,/experiment/tangram_C.png","W4MQ5woSyJjCuAE5G,W4MQ5woSyJjCuAE5G,W4MQ5woSyJjCuAE5G,W4MQ5woSyJjCuAE5G,W4MQ5woSyJjCuAE5G,W4MQ5woSyJjCuAE5G,W4MQ5woSyJjCuAE5G,W4MQ5woSyJjCuAE5G,W4MQ5woSyJjCuAE5G,W4MQ5woSyJjCuAE5G,W4MQ5woSyJjCuAE5G,W4MQ5woSyJjCuAE5G,W4MQ5woSyJjCuAE5G,W4MQ5woSyJjCuAE5G,W4MQ5woSyJjCuAE5G,W4MQ5woSyJjCuAE5G,NqAQeDPXaQh2Xv2KD,NqAQeDPXaQh2Xv2KD,NqAQeDPXaQh2Xv2KD,NqAQeDPXaQh2Xv2KD,NqAQeDPXaQh2Xv2KD,NqAQeDPXaQh2Xv2KD,NqAQeDPXaQh2Xv2KD,NqAQeDPXaQh2Xv2KD,NqAQeDPXaQh2Xv2KD,NqAQeDPXaQh2Xv2KD,NqAQeDPXaQh2Xv2KD,NqAQeDPXaQh2Xv2KD,NqAQeDPXaQh2Xv2KD,NqAQeDPXaQh2Xv2KD,NqAQeDPXaQh2Xv2KD,NqAQeDPXaQh2Xv2KD,NWBxYqkdH4xSzDiw9,NWBxYqkdH4xSzDiw9,NWBxYqkdH4xSzDiw9,NWBxYqkdH4xSzDiw9,NWBxYqkdH4xSzDiw9,NWBxYqkdH4xSzDiw9,NWBxYqkdH4xSzDiw9,NWBxYqkdH4xSzDiw9,NWBxYqkdH4xSzDiw9,NWBxYqkdH4xSzDiw9,NWBxYqkdH4xSzDiw9,NWBxYqkdH4xSzDiw9,NWBxYqkdH4xSzDiw9,NWBxYqkdH4xSzDiw9,NWBxYqkdH4xSzDiw9,NWBxYqkdH4xSzDiw9","speaker,speaker,speaker,speaker,listener,listener,listener,listener,speaker,speaker,speaker,speaker,listener,listener,listener,listener,speaker,speaker,speaker,speaker,listener,listener,listener,listener,speaker,speaker,speaker,speaker,listener,listener,listener,listener,speaker,speaker,speaker,speaker,listener,listener,listener,listener,speaker,speaker,speaker,speaker,listener,listener,listener,listener",Repi,/avatars/jdenticon/Kaylee,Kaylee,#A93F39,blue,setB,1.410000000000001,room0,NWBxYqkdH4xSzDiw9,listener,/experiment/tangram_C.png,,
aggE53atYzzY6XH89,,2022-05-25T21:35:35Z,2022-05-25T21:35:35Z,1,,2022-05-25T22:47:14Z,custom,,,2022-05-25T21:32:56Z,"/experiment/tangram_A.png,/experiment/tangram_B.png,/experiment/tangram_D.png,/experiment/tangram_C.png","YZ3odM4DXkhxNyyxa,YZ3odM4DXkhxNyyxa,YZ3odM4DXkhxNyyxa,YZ3odM4DXkhxNyyxa,YZ3odM4DXkhxNyyxa,YZ3odM4DXkhxNyyxa,YZ3odM4DXkhxNyyxa,YZ3odM4DXkhxNyyxa,YZ3odM4DXkhxNyyxa,YZ3odM4DXkhxNyyxa,YZ3odM4DXkhxNyyxa,YZ3odM4DXkhxNyyxa,YZ3odM4DXkhxNyyxa,YZ3odM4DXkhxNyyxa,YZ3odM4DXkhxNyyxa,YZ3odM4DXkhxNyyxa,FBXmpAfz9SPaiQifY,FBXmpAfz9SPaiQifY,FBXmpAfz9SPaiQifY,FBXmpAfz9SPaiQifY,FBXmpAfz9SPaiQifY,FBXmpAfz9SPaiQifY,FBXmpAfz9SPaiQifY,FBXmpAfz9SPaiQifY,FBXmpAfz9SPaiQifY,FBXmpAfz9SPaiQifY,FBXmpAfz9SPaiQifY,FBXmpAfz9SPaiQifY,FBXmpAfz9SPaiQifY,FBXmpAfz9SPaiQifY,FBXmpAfz9SPaiQifY,FBXmpAfz9SPaiQifY,xGNeJEddRCD2QLDn6,xGNeJEddRCD2QLDn6,xGNeJEddRCD2QLDn6,xGNeJEddRCD2QLDn6,xGNeJEddRCD2QLDn6,xGNeJEddRCD2QLDn6,xGNeJEddRCD2QLDn6,xGNeJEddRCD2QLDn6,xGNeJEddRCD2QLDn6,xGNeJEddRCD2QLDn6,xGNeJEddRCD2QLDn6,xGNeJEddRCD2QLDn6,xGNeJEddRCD2QLDn6,xGNeJEddRCD2QLDn6,xGNeJEddRCD2QLDn6,xGNeJEddRCD2QLDn6","listener,listener,listener,listener,speaker,speaker,speaker,speaker,listener,listener,listener,listener,speaker,speaker,speaker,speaker,listener,listener,listener,listener,speaker,speaker,speaker,speaker,listener,listener,listener,listener,speaker,speaker,speaker,speaker,speaker,speaker,speaker,speaker,listener,listener,listener,listener,speaker,speaker,speaker,speaker,listener,listener,listener,listener",Laju,/avatars/jdenticon/Cole,Cole,#A9385B,red,setB,0.06,room1,YZ3odM4DXkhxNyyxa,listener,false,546,true
uPH6hC5ZymXNoAXX4,,2022-05-25T21:37:08Z,2022-05-25T21:37:08Z,1,,,,,,2022-05-25T21:34:40Z,,,,,,,,,,,,,,,,
xGNeJEddRCD2QLDn6,,2022-05-25T21:36:51Z,2022-05-25T21:36:51Z,1,,2022-05-25T22:47:14Z,custom,,,2022-05-25T21:34:46Z,"/experiment/tangram_D.png,/experiment/tangram_A.png,/experiment/tangram_C.png,/experiment/tangram_B.png","FBXmpAfz9SPaiQifY,FBXmpAfz9SPaiQifY,FBXmpAfz9SPaiQifY,FBXmpAfz9SPaiQifY,FBXmpAfz9SPaiQifY,FBXmpAfz9SPaiQifY,FBXmpAfz9SPaiQifY,FBXmpAfz9SPaiQifY,FBXmpAfz9SPaiQifY,FBXmpAfz9SPaiQifY,FBXmpAfz9SPaiQifY,FBXmpAfz9SPaiQifY,FBXmpAfz9SPaiQifY,FBXmpAfz9SPaiQifY,FBXmpAfz9SPaiQifY,FBXmpAfz9SPaiQifY,YZ3odM4DXkhxNyyxa,YZ3odM4DXkhxNyyxa,YZ3odM4DXkhxNyyxa,YZ3odM4DXkhxNyyxa,YZ3odM4DXkhxNyyxa,YZ3odM4DXkhxNyyxa,YZ3odM4DXkhxNyyxa,YZ3odM4DXkhxNyyxa,YZ3odM4DXkhxNyyxa,YZ3odM4DXkhxNyyxa,YZ3odM4DXkhxNyyxa,YZ3odM4DXkhxNyyxa,YZ3odM4DXkhxNyyxa,YZ3odM4DXkhxNyyxa,YZ3odM4DXkhxNyyxa,YZ3odM4DXkhxNyyxa,aggE53atYzzY6XH89,aggE53atYzzY6XH89,aggE53atYzzY6XH89,aggE53atYzzY6XH89,aggE53atYzzY6XH89,aggE53atYzzY6XH89,aggE53atYzzY6XH89,aggE53atYzzY6XH89,aggE53atYzzY6XH89,aggE53atYzzY6XH89,aggE53atYzzY6XH89,aggE53atYzzY6XH89,aggE53atYzzY6XH89,aggE53atYzzY6XH89,aggE53atYzzY6XH89,aggE53atYzzY6XH89","listener,listener,listener,listener,speaker,speaker,speaker,speaker,listener,listener,listener,listener,speaker,speaker,speaker,speaker,speaker,speaker,speaker,speaker,listener,listener,listener,listener,speaker,speaker,speaker,speaker,listener,listener,listener,listener,listener,listener,listener,listener,speaker,speaker,speaker,speaker,listener,listener,listener,listener,speaker,speaker,speaker,speaker",Hera,/avatars/jdenticon/Noah,Noah,#A93849,red,setA,0,room0,FBXmpAfz9SPaiQifY,listener,false,145,true
TKT5WSTsh4TmsGYio,,2022-05-25T21:49:53Z,2022-05-25T21:49:53Z,1,,,,,,2022-05-25T21:46:15Z,,,,,,,,,,,,,,,,
7wDhowzEfdquWuq5E,,2022-05-25T21:53:18Z,2022-05-25T21:53:18Z,1,,,,,,2022-05-25T21:51:13Z,,,,,,,,,,,,,,,,
KGi8vjQcJ5NjfrP5s,,2022-05-25T22:15:59Z,2022-05-25T22:15:59Z,1,,,,,,2022-05-25T22:12:59Z,,,,,,,,,,,,,,,,
HGKFLh2vwYvBPGqPM,,2022-05-25T22:18:57Z,2022-05-25T22:18:57Z,1,,,,,,2022-05-25T22:14:08Z,,,,,,,,,,,,,,,,
5CszMmExEwyuqd8K2,,2022-05-25T22:22:46Z,2022-05-25T22:22:46Z,1,,,,,,2022-05-25T22:19:06Z,,,,,,,,,,,,,,,,
w4E35WJmwYKFD72ES,,,,,,,,,,2022-05-25T22:31:23Z,,,,,,,,,,,,,,,,
FBXmpAfz9SPaiQifY,,2022-05-25T22:43:34Z,2022-05-25T22:43:34Z,1,,2022-05-25T22:47:14Z,custom,,,2022-05-25T22:41:08Z,"/experiment/tangram_D.png,/experiment/tangram_A.png,/experiment/tangram_B.png,/experiment/tangram_C.png","xGNeJEddRCD2QLDn6,xGNeJEddRCD2QLDn6,xGNeJEddRCD2QLDn6,xGNeJEddRCD2QLDn6,xGNeJEddRCD2QLDn6,xGNeJEddRCD2QLDn6,xGNeJEddRCD2QLDn6,xGNeJEddRCD2QLDn6,xGNeJEddRCD2QLDn6,xGNeJEddRCD2QLDn6,xGNeJEddRCD2QLDn6,xGNeJEddRCD2QLDn6,xGNeJEddRCD2QLDn6,xGNeJEddRCD2QLDn6,xGNeJEddRCD2QLDn6,xGNeJEddRCD2QLDn6,aggE53atYzzY6XH89,aggE53atYzzY6XH89,aggE53atYzzY6XH89,aggE53atYzzY6XH89,aggE53atYzzY6XH89,aggE53atYzzY6XH89,aggE53atYzzY6XH89,aggE53atYzzY6XH89,aggE53atYzzY6XH89,aggE53atYzzY6XH89,aggE53atYzzY6XH89,aggE53atYzzY6XH89,aggE53atYzzY6XH89,aggE53atYzzY6XH89,aggE53atYzzY6XH89,aggE53atYzzY6XH89,YZ3odM4DXkhxNyyxa,YZ3odM4DXkhxNyyxa,YZ3odM4DXkhxNyyxa,YZ3odM4DXkhxNyyxa,YZ3odM4DXkhxNyyxa,YZ3odM4DXkhxNyyxa,YZ3odM4DXkhxNyyxa,YZ3odM4DXkhxNyyxa,YZ3odM4DXkhxNyyxa,YZ3odM4DXkhxNyyxa,YZ3odM4DXkhxNyyxa,YZ3odM4DXkhxNyyxa,YZ3odM4DXkhxNyyxa,YZ3odM4DXkhxNyyxa,YZ3odM4DXkhxNyyxa,YZ3odM4DXkhxNyyxa","speaker,speaker,speaker,speaker,listener,listener,listener,listener,speaker,speaker,speaker,speaker,listener,listener,listener,listener,speaker,speaker,speaker,speaker,listener,listener,listener,listener,speaker,speaker,speaker,speaker,listener,listener,listener,listener,speaker,speaker,speaker,speaker,listener,listener,listener,listener,speaker,speaker,speaker,speaker,listener,listener,listener,listener",Repi,/avatars/jdenticon/Kaylee,Kaylee,#A93F39,red,setA,0,room0,xGNeJEddRCD2QLDn6,speaker,false,599,true
gomZQutRpbGb3zmAq,,2022-05-25T22:41:44Z,2022-05-25T22:41:44Z,1,,,,,,2022-05-25T22:41:12Z,,,,,,,,,,,,,,,,
YZ3odM4DXkhxNyyxa,,2022-05-25T22:45:04Z,2022-05-25T22:45:04Z,1,,2022-05-25T22:47:14Z,custom,,,2022-05-25T22:44:28Z,"/experiment/tangram_B.png,/experiment/tangram_C.png,/experiment/tangram_D.png,/experiment/tangram_A.png","aggE53atYzzY6XH89,aggE53atYzzY6XH89,aggE53atYzzY6XH89,aggE53atYzzY6XH89,aggE53atYzzY6XH89,aggE53atYzzY6XH89,aggE53atYzzY6XH89,aggE53atYzzY6XH89,aggE53atYzzY6XH89,aggE53atYzzY6XH89,aggE53atYzzY6XH89,aggE53atYzzY6XH89,aggE53atYzzY6XH89,aggE53atYzzY6XH89,aggE53atYzzY6XH89,aggE53atYzzY6XH89,xGNeJEddRCD2QLDn6,xGNeJEddRCD2QLDn6,xGNeJEddRCD2QLDn6,xGNeJEddRCD2QLDn6,xGNeJEddRCD2QLDn6,xGNeJEddRCD2QLDn6,xGNeJEddRCD2QLDn6,xGNeJEddRCD2QLDn6,xGNeJEddRCD2QLDn6,xGNeJEddRCD2QLDn6,xGNeJEddRCD2QLDn6,xGNeJEddRCD2QLDn6,xGNeJEddRCD2QLDn6,xGNeJEddRCD2QLDn6,xGNeJEddRCD2QLDn6,xGNeJEddRCD2QLDn6,FBXmpAfz9SPaiQifY,FBXmpAfz9SPaiQifY,FBXmpAfz9SPaiQifY,FBXmpAfz9SPaiQifY,FBXmpAfz9SPaiQifY,FBXmpAfz9SPaiQifY,FBXmpAfz9SPaiQifY,FBXmpAfz9SPaiQifY,FBXmpAfz9SPaiQifY,FBXmpAfz9SPaiQifY,FBXmpAfz9SPaiQifY,FBXmpAfz9SPaiQifY,FBXmpAfz9SPaiQifY,FBXmpAfz9SPaiQifY,FBXmpAfz9SPaiQifY,FBXmpAfz9SPaiQifY","speaker,speaker,speaker,speaker,listener,listener,listener,listener,speaker,speaker,speaker,speaker,listener,listener,listener,listener,listener,listener,listener,listener,speaker,speaker,speaker,speaker,listener,listener,listener,listener,speaker,speaker,speaker,speaker,listener,listener,listener,listener,speaker,speaker,speaker,speaker,listener,listener,listener,listener,speaker,speaker,speaker,speaker",Minu,/avatars/jdenticon/Alexandra,Alexandra,#D075A7,red,setA,0.06,room1,aggE53atYzzY6XH89,speaker,false,581,true
